name,datetime,tempmax,tempmin,temp,feelslikemax,feelslikemin,feelslike,dew,humidity,precip,precipprob,precipcover,preciptype,snow,snowdepth,windgust,windspeed,winddir,sealevelpressure,cloudcover,visibility,solarradiation,solarenergy,uvindex,severerisk,sunrise,sunset,moonphase,conditions,description,icon,stations
new delhi,01-01-2025,58.3,46.4,50.8,58.3,44.2,50.3,48.1,90.7,0,0,0,,0,0,16.6,7.3,261,1019.1,30.9,0.5,166.1,14.4,6,,2025-01-01T07:14:07,2025-01-01T17:35:36,0.05,Partially cloudy,Partly cloudy throughout the day.,fog,"INI0000VIDP,42182099999,INI0000VIDD,VIDP,42139099999,42181099999"
new delhi,02-01-2025,59.5,46.4,50.9,59.5,42.9,50,48.2,90.9,0,0,0,,0,0,18.6,7.1,265.6,1018.4,40.2,0.4,162.1,13.9,6,,2025-01-02T07:14:21,2025-01-02T17:36:18,0.08,Partially cloudy,Partly cloudy throughout the day.,fog,"INI0000VIDP,42182099999,INI0000VIDD,VIDP,42139099999,42181099999"
new delhi,03-01-2025,67.6,46.4,53.7,67.6,45.3,53.6,50.7,91,0,0,0,,0,0,12.1,4.3,268.9,1018.1,41.6,0.3,158,13.6,6,,2025-01-03T07:14:34,2025-01-03T17:37:01,0.12,Partially cloudy,Clearing in the afternoon.,fog,"INI0000VIDP,42182099999,INI0000VIDD,VIDP,42139099999,42181099999"
new delhi,04-01-2025,66.8,48.2,54.9,66.8,48.2,54.8,52.6,92.9,0,0,0,,0,0,11.9,6.9,105.6,1016.1,49.8,0.2,168.8,14.7,6,,2025-01-04T07:14:45,2025-01-04T17:37:44,0.15,Partially cloudy,Clearing in the afternoon.,fog,"INI0000VIDP,42182099999,INI0000VIDD,VIDP,42139099999,42181099999"
new delhi,05-01-2025,62.8,48.2,53.7,62.8,44.6,53.3,50.2,89.1,0,0,0,,0,0,15.4,8.1,112.3,1016,32.3,0.3,129,11.2,6,,2025-01-05T07:14:55,2025-01-05T17:38:29,0.19,Partially cloudy,Clearing in the afternoon.,fog,"INI0000VIDP,42182099999,INI0000VIDD,VIDP,42139099999,42181099999"
new delhi,06-01-2025,61,50.3,54.7,61,50.3,54.7,51.8,90.5,0.003,100,4.17,rain,0,0,13,7.7,268.3,1017.1,54.1,0.5,115.8,9.9,5,,2025-01-06T07:15:03,2025-01-06T17:39:14,0.23,"Rain, Partially cloudy",Partly cloudy throughout the day with morning rain.,rain,"INI0000VIDP,42182099999,INI0000VIDD,VIDP,42139099999,42181099999"
new delhi,07-01-2025,59.6,48.6,54.2,59.6,48.6,54.2,52,92.8,0,0,0,,0,0,21.7,10.6,278.5,1018,52.9,0.5,159.8,13.8,6,,2025-01-07T07:15:10,2025-01-07T17:40:00,0.25,Partially cloudy,Partly cloudy throughout the day.,fog,"INI0000VIDP,42182099999,INI0000VIDD,VIDP,42139099999,42181099999"
new delhi,08-01-2025,69.2,44.6,55,69.2,44.6,54.6,47.8,80.6,0,0,0,,0,0,19.2,13.1,263.5,1015.8,19.7,1.1,173,15,7,,2025-01-08T07:15:15,2025-01-08T17:40:46,0.3,Clear,Clear conditions throughout the day.,clear-day,"INI0000VIDP,42182099999,INI0000VIDD,VIDP,42139099999,42181099999"
new delhi,09-01-2025,69.3,43.8,55.6,69.3,43.8,55.6,47.7,77.9,0,0,0,,0,0,9.8,6.6,73.4,1018.2,3.8,0.9,175.2,15.1,7,,2025-01-09T07:15:19,2025-01-09T17:41:33,0.33,Clear,Clear conditions throughout the day.,fog,"INI0000VIDP,42182099999,INI0000VIDD,VIDP,42139099999,42181099999"
new delhi,10-01-2025,62.6,48.2,53.3,62.6,47.3,53.3,50.3,90.4,0,0,0,,0,0,12.1,6.1,111.3,1019.9,34.5,0.4,174.6,15.1,7,,2025-01-10T07:15:21,2025-01-10T17:42:20,0.37,Partially cloudy,Clearing in the afternoon.,fog,"INI0000VIDP,42182099999,INI0000VIDD,VIDP,42139099999,42181099999"
new delhi,11-01-2025,61.6,50,53.9,61.6,50,53.9,51.8,93.2,0.025,100,4.17,rain,0,0,20.4,10.7,118.7,1018.6,71.5,0.4,136.8,11.8,6,,2025-01-11T07:15:21,2025-01-11T17:43:08,0.4,"Rain, Partially cloudy",Partly cloudy throughout the day with afternoon rain.,rain,"INI0000VIDP,42182099999,INI0000VIDD,VIDP,42139099999,42181099999"
new delhi,12-01-2025,61.7,49.8,54.7,61.7,49.8,54.7,52.2,91.5,0,0,0,,0,0,13.6,7.1,284.5,1019.5,70.7,0.9,113.4,9.8,4,,2025-01-12T07:15:20,2025-01-12T17:43:56,0.44,Partially cloudy,Partly cloudy throughout the day.,fog,"INI0000VIDP,42182099999,INI0000VIDD,VIDP,42139099999,42181099999"
new delhi,13-01-2025,63.9,50,54.8,63.9,50,54.8,51.8,90.4,0,0,0,,0,0,14.8,8.7,258.2,1018.8,31.8,0.7,172.9,15,7,,2025-01-13T07:15:17,2025-01-13T17:44:45,0.48,Partially cloudy,Partly cloudy throughout the day.,fog,"INI0000VIDP,42182099999,INI0000VIDD,VIDP,42139099999,42181099999"
new delhi,14-01-2025,67.7,49.8,55.3,67.7,48.8,55.3,51.2,87.4,0,0,0,,0,0,13,7.7,258.8,1019,17.8,0.6,178.3,15.6,7,,2025-01-14T07:15:12,2025-01-14T17:45:34,0.5,Clear,Clear conditions throughout the day.,fog,"INI0000VIDP,42182099999,INI0000VIDD,VIDP,42139099999,42181099999"
new delhi,15-01-2025,62.6,45,53.5,62.6,45,53.4,51.4,93.2,0.001,100,4.17,rain,0,0,17.2,6.3,120.4,1020.3,58.6,0.4,130.8,11.3,5,,2025-01-15T07:15:06,2025-01-15T17:46:23,0.54,"Rain, Partially cloudy",Partly cloudy throughout the day with late afternoon rain.,rain,"INI0000VIDP,42182099999,INI0000VIDD,VIDP,42139099999,42181099999"
new delhi,16-01-2025,65.3,51.5,56.4,65.3,51.5,56.4,53,89.2,0.174,100,12.5,rain,0,0,9.4,5.8,108.2,1021,53.5,0.7,139.5,12.2,5,,2025-01-16T07:14:58,2025-01-16T17:47:13,0.57,"Rain, Partially cloudy",Partly cloudy throughout the day with rain clearing later.,rain,"INI0000VIDP,42182099999,INI0000VIDD,VIDP,42139099999,42181099999"
new delhi,17-01-2025,62.4,49.6,53.4,62.4,49.6,53.4,50.6,90.8,0,0,0,,0,0,15.9,10.7,269.2,1020.7,26.1,0.6,182.3,15.8,7,,2025-01-17T07:14:49,2025-01-17T17:48:03,0.61,Partially cloudy,Partly cloudy throughout the day.,fog,"INI0000VIDP,42182099999,INI0000VIDD,VIDP,42139099999,42181099999"
new delhi,18-01-2025,67.3,50,56.9,67.3,50,56.9,51.9,84.8,0,0,0,,0,0,11.9,6.3,279,1018.5,52.1,0.8,144.7,12.6,5,,2025-01-18T07:14:38,2025-01-18T17:48:53,0.64,Partially cloudy,Partly cloudy throughout the day.,fog,"INI0000VIDP,42182099999,INI0000VIDD,VIDP,42139099999,42181099999"
new delhi,19-01-2025,77.3,50.5,62.1,77.3,50.5,62.1,54.4,79,0,0,0,,0,0,11,5.5,286.5,1017,23.4,0.7,176.2,15.3,7,,2025-01-19T07:14:25,2025-01-19T17:49:43,0.67,Partially cloudy,Partly cloudy throughout the day.,fog,"INI0000VIDP,42182099999,INI0000VIDD,VIDP,42139099999,42181099999"
new delhi,20-01-2025,74.9,52.4,62.1,74.9,52.4,62.1,54.4,78.6,0,0,0,,0,0,19,10,265.7,1015.4,7.2,0.9,180.2,15.6,7,,2025-01-20T07:14:11,2025-01-20T17:50:33,0.7,Clear,Clear conditions throughout the day.,fog,"INI0000VIDP,42182099999,INI0000VIDD,VIDP,42139099999,42181099999"
new delhi,21-01-2025,73.7,51.8,60.9,73.7,51.8,60.9,51.8,74.7,0,0,0,,0,0,17.9,10,257.8,1014.2,2.5,1.2,183.8,15.8,7,,2025-01-21T07:13:56,2025-01-21T17:51:24,0.74,Clear,Clear conditions throughout the day.,clear-day,"INI0000VIDP,42182099999,INI0000VIDD,VIDP,42139099999,42181099999"
new delhi,22-01-2025,76.3,50,60.9,76.3,50,60.9,52.6,77.2,0,0,0,,0,0,11.9,7.3,259.5,1013.9,13.3,1.3,184.7,15.9,7,,2025-01-22T07:13:38,2025-01-22T17:52:14,0.75,Clear,Clear conditions throughout the day.,clear-day,"INI0000VIDP,42182099999,INI0000VIDD,VIDP,42139099999,42181099999"
new delhi,23-01-2025,75.1,53.2,62.8,75.1,53.2,62.8,52,71.9,0.018,100,4.17,rain,0,0,18.6,10.8,278.8,1015.4,25.1,1.8,176.1,15.1,7,,2025-01-23T07:13:19,2025-01-23T17:53:05,0.8,"Rain, Partially cloudy",Clearing in the afternoon with early morning rain.,rain,"INI0000VIDP,42182099999,INI0000VIDD,42176099999,VIDP,42139099999,42181099999"
new delhi,24-01-2025,73.4,50,60.2,73.4,50,60.2,48,67.4,0,0,0,,0,0,21.3,11.8,259.1,1015.6,0,2,191.3,16.5,7,,2025-01-24T07:12:59,2025-01-24T17:53:55,0.83,Clear,Clear conditions throughout the day.,clear-day,"INI0000VIDP,42182099999,INI0000VIDD,VIDP,42139099999,42181099999"
new delhi,25-01-2025,73.3,48.2,58.6,73.3,47.3,58.5,42.7,60.5,0,0,0,,0,0,18.6,12.4,262,1015,0,2.3,196.4,16.9,7,,2025-01-25T07:12:37,2025-01-25T17:54:45,0.86,Clear,Clear conditions throughout the day.,clear-day,"INI0000VIDP,42182099999,INI0000VIDD,VIDP,42139099999,42181099999"
new delhi,26-01-2025,72.5,46.4,57.8,72.5,45.6,57.8,42.4,60.9,0,0,0,,0,0,15.9,10.3,272.9,1014.9,0,2.3,198.8,17.1,7,,2025-01-26T07:12:14,2025-01-26T17:55:36,0.9,Clear,Clear conditions throughout the day.,clear-day,"INI0000VIDP,42182099999,INI0000VIDD,VIDP,42139099999,42181099999"
new delhi,27-01-2025,72.6,46.4,57.5,72.6,45.3,57.4,45.1,67.6,0,0,0,,0,0,15.2,10.6,270.6,1013.5,0,2.1,199.2,17.2,7,,2025-01-27T07:11:49,2025-01-27T17:56:26,0.93,Clear,Clear conditions throughout the day.,clear-day,"INI0000VIDP,42182099999,INI0000VIDD,VIDP,42139099999,42181099999"
new delhi,28-01-2025,75.2,44.5,58.2,75.2,44.5,58.2,44.8,65.6,0,0,0,,0,0,11.6,7.3,254.1,1013.1,0,2.1,199.1,17.2,7,,2025-01-28T07:11:22,2025-01-28T17:57:16,0.96,Clear,Clear conditions throughout the day.,clear-day,"INI0000VIDP,42182099999,INI0000VIDD,VIDP,42139099999,42181099999"
new delhi,29-01-2025,76.8,46.2,60.4,76.8,46.2,60.4,49.4,71.9,0,0,0,,0,0,18.8,9.2,108.3,1014.5,7,1.1,192.3,16.6,7,,2025-01-29T07:10:54,2025-01-29T17:58:06,0,Clear,Clear conditions throughout the day.,clear-day,"INI0000VIDP,42182099999,INI0000VIDD,VIDP,42139099999,42181099999"
new delhi,30-01-2025,78.5,51.1,62.8,78.5,51.1,62.8,54,76.4,0,0,0,,0,0,15.2,8.1,115.8,1011.3,0,1.1,192.1,16.5,7,,2025-01-30T07:10:25,2025-01-30T17:58:55,0.03,Clear,Clear conditions throughout the day.,clear-day,"INI0000VIDP,42182099999,INI0000VIDD,VIDP,42139099999,42181099999"
new delhi,31-01-2025,78.3,52,63.3,78.3,52,63.3,56.5,81.1,0,0,0,,0,0,11.9,5,264,1011,2.8,0.8,191.9,16.6,7,,2025-01-31T07:09:54,2025-01-31T17:59:45,0.06,Clear,Clear conditions throughout the day.,fog,"INI0000VIDP,42182099999,INI0000VIDD,VIDP,42139099999,42181099999"
new delhi,01-02-2025,76.4,51.8,62,76.4,51.8,62,57.4,86.6,0,0,0,,0,0,15.7,5.8,285.6,1013.4,37.8,0.4,184.6,16,7,,2025-02-01T07:09:21,2025-02-01T18:00:34,0.1,Partially cloudy,Partly cloudy throughout the day.,fog,"INI0000VIDP,42182099999,INI0000VIDD,VIDP,42139099999,42181099999"
new delhi,02-02-2025,71.4,53.6,60,71.4,53.6,60,55.1,85.4,0,0,0,,0,0,17.7,8.4,267.3,1015.5,26.3,0.6,194.1,16.7,7,,2025-02-02T07:08:48,2025-02-02T18:01:23,0.13,Partially cloudy,Partly cloudy throughout the day.,fog,"INI0000VIDP,42182099999,INI0000VIDD,VIDP,42139099999,42181099999"
new delhi,03-02-2025,74.8,50,60.1,74.8,50,60.1,49.3,72.5,0,0,0,,0,0,13.2,6.1,256.7,1014.8,13.8,1.1,204.1,17.6,7,,2025-02-03T07:08:13,2025-02-03T18:02:12,0.17,Clear,Clear conditions throughout the day.,clear-day,"INI0000VIDP,42182099999,INI0000VIDD,VIDP,42139099999,42181099999"
new delhi,04-02-2025,76.5,57.2,65.1,76.5,57.2,65.1,52.8,66.9,0.007,100,4.17,rain,0,0,20.8,7.3,310.7,1014.6,72.1,1.3,129.5,11.1,6,,2025-02-04T07:07:36,2025-02-04T18:03:00,0.2,"Rain, Partially cloudy",Partly cloudy throughout the day with early morning rain.,rain,"INI0000VIDP,42182099999,INI0000VIDD,VIDP,42139099999,42181099999"
new delhi,05-02-2025,73.2,50,61.1,73.2,50,61.1,50,71.1,0,0,0,,0,0,23,11.4,266.3,1015.7,11.9,1.5,207.7,18,8,,2025-02-05T07:06:58,2025-02-05T18:03:49,0.25,Clear,Clear conditions throughout the day.,clear-day,"INI0000VIDP,42182099999,INI0000VIDD,VIDP,42139099999,42181099999"
new delhi,06-02-2025,73.2,50.6,61.3,73.2,50.6,61.3,44.3,59.1,0,0,0,,0,0,23.3,11.5,287.6,1017.4,2.2,2.2,213.5,18.6,8,,2025-02-06T07:06:19,2025-02-06T18:04:36,0.28,Clear,Clear conditions throughout the day.,clear-day,"INI0000VIDP,42182099999,INI0000VIDD,VIDP,42139099999,42181099999,VIDD"
new delhi,07-02-2025,73.2,46.4,59.1,73.2,43.1,58.8,40.5,54.8,0,0,0,,0,0,23,11.4,266.3,1016.8,15.5,2.3,213.2,18.6,8,,2025-02-07T07:05:39,2025-02-07T18:05:24,0.31,Clear,Clear conditions throughout the day.,clear-day,"INI0000VIDP,42182099999,INI0000VIDD,VIDP,42139099999,42181099999"
new delhi,08-02-2025,76.9,48.2,61.3,76.9,46.3,61.2,42.1,53.5,0,0,0,,0,0,20.6,10.3,267.2,1015.4,7.2,2.4,209.8,18,8,,2025-02-08T07:04:57,2025-02-08T18:06:11,0.35,Clear,Clear conditions throughout the day.,clear-day,"INI0000VIDP,42182099999,INI0000VIDD,VIDP,42139099999,42181099999"
new delhi,09-02-2025,79.1,48.8,62.5,79.1,48.8,62.5,45.7,60.6,0,0,0,,0,0,12.3,5.1,267.1,1014.7,19,2.2,211.2,18.3,8,,2025-02-09T07:04:14,2025-02-09T18:06:58,0.38,Clear,Clear conditions throughout the day.,clear-day,"INI0000VIDP,42182099999,INI0000VIDD,VIDP,42139099999,42181099999"
new delhi,10-02-2025,80.6,52.4,64.8,79.4,52.4,64.8,49.6,63.4,0,0,0,,0,0,12.5,5.5,243.6,1014.2,28.6,1.9,201.8,17.6,7,,2025-02-10T07:03:30,2025-02-10T18:07:44,0.42,Partially cloudy,Partly cloudy throughout the day.,partly-cloudy-day,"INI0000VIDP,42182099999,INI0000VIDD,VIDP,42139099999,42181099999"
new delhi,11-02-2025,83.5,52.4,66.9,81.6,52.4,66.7,50.3,60.5,0,0,0,,0,0,10.7,6.6,280.3,1013.4,6.2,2.1,210.8,18.1,8,,2025-02-11T07:02:45,2025-02-11T18:08:30,0.45,Clear,Clear conditions throughout the day.,clear-day,"INI0000VIDP,42182099999,INI0000VIDD,VIDP,42139099999,42181099999"
new delhi,12-02-2025,78,55.8,65.3,78,55.8,65.3,48.4,60,0,0,0,,0,0,23,16.7,271.9,1014.5,2.2,2.3,217,18.8,8,,2025-02-12T07:01:59,2025-02-12T18:09:16,0.5,Clear,Clear conditions throughout the day.,clear-day,"INI0000VIDP,42182099999,INI0000VIDD,VIDP,42139099999,42181099999"
new delhi,13-02-2025,75.1,51.8,64.1,75.1,51.8,64.1,44.5,52.1,0,0,0,,0,0,24.3,12.1,268.4,1015,3.1,2.3,222.2,19.2,8,,2025-02-13T07:01:11,2025-02-13T18:10:01,0.52,Clear,Clear conditions throughout the day.,clear-day,"INI0000VIDP,42182099999,INI0000VIDD,VIDP,42139099999,42181099999"
new delhi,14-02-2025,78.7,48.2,63.4,78.7,46.3,63.3,42.8,51.4,0,0,0,,0,0,23.5,16.6,266,1013.2,1.8,2.5,216,18.8,8,,2025-02-14T07:00:22,2025-02-14T18:10:46,0.55,Clear,Clear conditions throughout the day.,clear-day,"INI0000VIDP,42182099999,INI0000VIDD,VIDP,42139099999,42181099999,VIDD"
new delhi,15-02-2025,80,53.6,65.5,80,53.6,65.5,45.5,53.2,0,0,0,,0,0,14.8,5.8,14.1,1011.4,18.4,2.5,212.7,18.3,8,,2025-02-15T06:59:32,2025-02-15T18:11:31,0.59,Clear,Clear conditions throughout the day.,clear-day,"INI0000VIDP,42182099999,INI0000VIDD,42176099999,VIDP,42139099999,42181099999"
new delhi,16-02-2025,82.2,54.1,67.4,80.9,54.1,67.3,50.7,60.2,0,0,0,,0,0,8.9,8.1,276.4,1012.7,24,1.9,198.5,17,8,,2025-02-16T06:58:41,2025-02-16T18:12:15,0.62,Partially cloudy,Partly cloudy throughout the day.,partly-cloudy-day,"INI0000VIDP,42182099999,INI0000VIDD,VIDP,42139099999,42181099999"
new delhi,17-02-2025,81.9,55.3,67.6,80.4,55.3,67.4,51,61.2,0,0,0,,0,0,9.6,5.1,277.9,1015.5,31.8,2.1,218.8,18.9,8,,2025-02-17T06:57:50,2025-02-17T18:12:58,0.65,Partially cloudy,Partly cloudy throughout the day.,partly-cloudy-day,"INI0000VIDP,42182099999,INI0000VIDD,VIDP,42139099999,42181099999"
new delhi,18-02-2025,81.8,59,68.4,80.2,59,68.2,51.1,58.5,0,0,0,,0,0,16.6,7.4,261.5,1014.9,44.3,2.1,210.7,18.1,8,,2025-02-18T06:56:57,2025-02-18T18:13:42,0.68,Partially cloudy,Partly cloudy throughout the day.,partly-cloudy-day,"INI0000VIDP,42182099999,INI0000VIDD,VIDP,42139099999,42181099999"
new delhi,19-02-2025,79.8,53.5,67.5,79.8,53.5,67.5,49.7,57.2,0,0,0,,0,0,12.5,7.1,242.7,1013.4,40.9,2.2,194.7,16.9,7,,2025-02-19T06:56:03,2025-02-19T18:14:24,0.72,Partially cloudy,Partly cloudy throughout the day.,partly-cloudy-day,"INI0000VIDP,42182099999,INI0000VIDD,VIDP,42139099999,42181099999"
new delhi,20-02-2025,79.2,60.8,68.9,79.2,60.8,68.9,57.2,68.7,0.034,100,8.33,rain,0,0,23,14.8,98.7,1013.8,59.8,2.3,182.8,15.8,8,,2025-02-20T06:55:08,2025-02-20T18:15:07,0.75,"Rain, Partially cloudy",Clearing in the afternoon with early morning rain.,rain,"INI0000VIDP,42182099999,INI0000VIDD,VIDP,42139099999,42181099999"
new delhi,21-02-2025,76.9,57.2,67.2,76.9,57.2,67.2,54.5,65.8,0.016,100,12.5,rain,0,0,13.2,10.2,284.2,1016.7,28.8,2,216.5,18.7,8,,2025-02-21T06:54:12,2025-02-21T18:15:49,0.78,"Rain, Partially cloudy",Partly cloudy throughout the day with early morning rain.,rain,"INI0000VIDP,42182099999,INI0000VIDD,VIDP,42139099999,42181099999"
new delhi,22-02-2025,74.8,53.6,63.4,74.8,53.6,63.4,53.9,75,0,0,0,,0,0,18.8,11,266,1016.8,17.7,1.6,223.8,19.4,8,,2025-02-22T06:53:16,2025-02-22T18:16:30,0.81,Clear,Clear conditions throughout the day.,clear-day,"INI0000VIDP,42182099999,INI0000VIDD,VIDP,42139099999,42181099999"
new delhi,23-02-2025,78.8,52.4,64.8,78.8,52.4,64.8,51.8,66.6,0,0,0,,0,0,13.4,7.7,267,1017.7,0,2.2,232.1,19.9,8,,2025-02-23T06:52:18,2025-02-23T18:17:12,0.85,Clear,Clear conditions throughout the day.,clear-day,"INI0000VIDP,42182099999,INI0000VIDD,VIDP,42139099999,42181099999"
new delhi,24-02-2025,79.1,53.5,66,79.1,53.5,66,53.7,68.9,0,0,0,,0,0,12.1,8.5,285.3,1018.7,7.3,2.1,234.9,20.4,8,,2025-02-24T06:51:20,2025-02-24T18:17:53,0.88,Clear,Clear conditions throughout the day.,clear-day,"INI0000VIDP,42182099999,INI0000VIDD,VIDP,42139099999,42181099999"
new delhi,25-02-2025,81.4,55.1,67.7,80.3,55.1,67.6,52.6,63.1,0,0,0,,0,0,17.7,5.1,291.7,1019,27.1,2.2,211,18.2,8,,2025-02-25T06:50:21,2025-02-25T18:18:33,0.91,Partially cloudy,Partly cloudy throughout the day.,partly-cloudy-day,"INI0000VIDP,42182099999,INI0000VIDD,VIDP,42139099999,42181099999"
new delhi,26-02-2025,87.7,61.4,74.3,87.1,61.4,74.1,56.7,57.4,0,0,0,,0,0,13.4,6.6,163.3,1018.4,53.1,2.2,199.7,17.3,8,,2025-02-26T06:49:21,2025-02-26T18:19:13,0.94,Partially cloudy,Clearing in the afternoon.,partly-cloudy-day,"INI0000VIDP,42182099999,INI0000VIDD,VIDP,42139099999,42181099999"
new delhi,27-02-2025,75.7,68,71.3,75.7,68,71.3,58.3,64,0,0,0,,0,0,21.7,11.1,50.2,1015.5,81.2,2.2,120.2,10.3,5,,2025-02-27T06:48:20,2025-02-27T18:19:53,0.98,Partially cloudy,Partly cloudy throughout the day.,partly-cloudy-day,"INI0000VIDP,42182099999,INI0000VIDD,VIDP,42139099999,42181099999"
new delhi,28-02-2025,79.1,66.1,70.5,79.1,66.1,70.5,59,67.9,0.153,100,12.5,rain,0,0,25.1,8.7,103.6,1012.3,75.2,2.3,160.6,13.8,6,,2025-02-28T06:47:19,2025-02-28T18:20:32,0,"Rain, Partially cloudy",Partly cloudy throughout the day with late afternoon rain.,rain,"INI0000VIDP,42182099999,INI0000VIDD,VIDP,42139099999,42181099999"
new delhi,01-03-2025,81.8,64.4,71,82.9,64.4,71,62.4,76.1,0.032,100,8.33,rain,0,0,21.9,10.7,61.3,1013.4,63.3,2.2,188.6,16.2,7,,2025-03-01T06:46:17,2025-03-01T18:21:11,0.04,"Rain, Partially cloudy",Partly cloudy throughout the day with rain clearing later.,rain,"INI0000VIDP,42182099999,INI0000VIDD,VIDP,42139099999,42181099999,remote"
new delhi,02-03-2025,79.3,56.8,68.2,79.3,56.8,68.2,51.5,61.5,0,0,0,,0,0,21.9,12.4,293.3,1012.9,4.5,2.4,246.6,21.3,9,,2025-03-02T06:45:14,2025-03-02T18:21:50,0.08,Clear,Clear conditions throughout the day.,clear-day,"INI0000VIDP,42182099999,INI0000VIDD,42176099999,VIDP,42139099999,42181099999,INM00042139"
new delhi,03-03-2025,84.2,51.9,69.6,82,51.9,69,47.9,50.6,0,0,0,,0,0,12.5,7.4,163.3,1011.6,11.2,2.5,241.7,20.8,8,,2025-03-03T06:44:11,2025-03-03T18:22:28,0.11,Clear,Clear conditions throughout the day.,clear-day,"INI0000VIDP,42182099999,INI0000VIDD,VIDP,42139099999,42181099999"
new delhi,04-03-2025,80.1,62.4,69.8,79.3,62.4,69.8,52.3,55.8,0,0,0,,0,0,23,14.7,259.4,1013.1,19.1,2.6,248.4,21.6,9,,2025-03-04T06:43:07,2025-03-04T18:23:06,0.15,Clear,Clear conditions throughout the day.,clear-day,"INI0000VIDP,42182099999,INI0000VIDD,VIDP,42139099999,42181099999,INM00042139"
new delhi,05-03-2025,75.7,50,63.7,75.7,50,63.7,41.9,50.3,0,0,0,,0,0,28.9,18.9,268.6,1014.3,0,2.8,260.8,22.4,9,,2025-03-05T06:42:03,2025-03-05T18:23:43,0.18,Clear,Clear conditions throughout the day.,clear-day,"INI0000VIDP,42182099999,INI0000VIDD,VIDP,42139099999,42181099999"
new delhi,06-03-2025,81,48.8,65.8,79.3,46.3,65.3,38.6,41.6,0,0,0,,0,0,24.3,13.1,266.1,1012.4,0,2.8,259,22.4,9,,2025-03-06T06:40:58,2025-03-06T18:24:21,0.25,Clear,Clear conditions throughout the day.,clear-day,"INI0000VIDP,42182099999,INI0000VIDD,VIDP,42139099999,42181099999,INM00042139"
new delhi,07-03-2025,83.9,52.5,67.8,81.4,52.5,67.4,45.2,48.9,0,0,0,,0,0,17.4,10.6,270.6,1010.9,0,2.6,256.1,22.2,9,,2025-03-07T06:39:52,2025-03-07T18:24:58,0.25,Clear,Clear conditions throughout the day.,clear-day,"INI0000VIDP,42182099999,INI0000VIDD,VIDP,42139099999,42181099999"
new delhi,08-03-2025,85.8,57.2,70.8,82.9,57.2,70.2,49,50.6,0,0,0,,0,0,19.5,10.3,267.1,1009.2,2.4,2.6,259.8,22.6,9,,2025-03-08T06:38:46,2025-03-08T18:25:34,0.29,Clear,Clear conditions throughout the day.,clear-day,"INI0000VIDP,42182099999,INI0000VIDD,VIDP,42139099999,42181099999"
new delhi,09-03-2025,89.1,59.5,74.6,87,59.5,73.9,53.5,52.1,0,0,0,,0,0,15.7,6.5,129.5,1012.5,9.1,2.4,254,22,9,,2025-03-09T06:37:40,2025-03-09T18:26:11,0.32,Clear,Clear conditions throughout the day.,clear-day,"INI0000VIDP,42182099999,INI0000VIDD,VIDP,42139099999,42181099999"
new delhi,10-03-2025,89.1,62.1,75.9,86.7,62.1,75.3,54.6,50.6,0,0,0,,0,0,23,11.4,121,1015.7,29.6,2.4,247.1,21.5,9,,2025-03-10T06:36:33,2025-03-10T18:26:47,0.36,Partially cloudy,Partly cloudy throughout the day.,partly-cloudy-day,"INI0000VIDP,42182099999,INI0000VIDD,VIDP,42139099999,42181099999"
new delhi,11-03-2025,92.3,63.2,77.8,90.4,63.2,77.1,57.3,53.6,0,0,0,,0,0,10.1,7.7,351.8,1013.4,34,2.3,245.1,21.1,8,,2025-03-11T06:35:26,2025-03-11T18:27:23,0.39,Partially cloudy,Partly cloudy throughout the day.,partly-cloudy-day,"INI0000VIDP,42182099999,INI0000VIDD,VIDP,42139099999,42181099999"
new delhi,12-03-2025,91.1,63.9,76,89,63.9,75.3,59.6,63.2,0,0,0,,0,0,19.7,11.4,265.5,1009.5,26.6,1.9,253.3,21.8,9,,2025-03-12T06:34:18,2025-03-12T18:27:58,0.43,Partially cloudy,Partly cloudy throughout the day.,partly-cloudy-day,"INI0000VIDP,42182099999,INI0000VIDD,VIDP,42139099999,42181099999"
new delhi,13-03-2025,91.4,66.2,77.6,90.4,66.2,77.4,59.7,56.9,0,0,0,,0,0,23.5,6.3,271,1007.7,51.8,2.1,245.5,21.2,8,,2025-03-13T06:33:10,2025-03-13T18:28:34,0.46,Partially cloudy,Partly cloudy throughout the day.,partly-cloudy-day,"INI0000VIDP,42182099999,INI0000VIDD,VIDP,42139099999,42181099999"
new delhi,14-03-2025,95.7,65.7,77.8,96.7,65.7,77.3,58.3,56.4,0,0,0,,0,0,17.4,7.7,148.4,1009.1,44.2,2.2,241.5,20.8,9,,2025-03-14T06:32:02,2025-03-14T18:29:09,0.5,Partially cloudy,Becoming cloudy in the afternoon.,partly-cloudy-day,"INI0000VIDP,42182099999,INI0000VIDD,VIDP,42139099999,42181099999"
new delhi,15-03-2025,88.6,67,76.8,89.5,67,76.6,56.5,51,0,0,0,,0,0,23,11.4,38.5,1010.8,42.7,3,243.4,21.2,8,,2025-03-15T06:30:54,2025-03-15T18:29:44,0.53,Partially cloudy,Partly cloudy throughout the day.,partly-cloudy-day,"INI0000VIDP,42182099999,INI0000VIDD,VIDP,42139099999,42181099999"
new delhi,16-03-2025,87.8,64.4,75,85.3,64.4,74.5,56,55.2,0,0,0,,0,0,18.3,11.8,287.7,1012.2,15.6,2.5,247,21.2,9,,2025-03-16T06:29:45,2025-03-16T18:30:18,0.57,Clear,Clear conditions throughout the day.,clear-day,"INI0000VIDP,42182099999,INI0000VIDD,VIDP,42139099999,42181099999"
new delhi,17-03-2025,82.4,63.2,73,82,63.2,72.9,56.9,59.6,0,0,0,,0,0,21.9,11,283.2,1013.2,16.9,2.5,255.5,22.2,8,,2025-03-17T06:28:36,2025-03-17T18:30:53,0.6,Clear,Clear conditions throughout the day.,clear-day,"INI0000VIDP,42182099999,INI0000VIDD,VIDP,42139099999,42181099999"
new delhi,18-03-2025,84.7,61.4,72.6,86.6,61.4,72.6,55.2,57.9,0,0,0,,0,0,18.8,10.7,277.8,1012.8,7,2.4,274.4,23.7,9,,2025-03-18T06:27:27,2025-03-18T18:31:27,0.63,Clear,Clear conditions throughout the day.,clear-day,"INI0000VIDP,42182099999,INI0000VIDD,VIDP,42139099999,42181099999"
new delhi,19-03-2025,89.6,60.8,75.1,86.3,60.8,74.3,52.5,49.9,0,0,0,,0,0,19.5,11.4,282.8,1013.6,11.5,2.5,270.6,23.3,9,,2025-03-19T06:26:17,2025-03-19T18:32:02,0.66,Clear,Clear conditions throughout the day.,clear-day,"INI0000VIDP,42182099999,INI0000VIDD,VIDP,42139099999,42181099999"
new delhi,20-03-2025,91.3,61.7,77.1,87.2,61.7,75.9,51.8,47.8,0,0,0,,0,0,19.2,12.8,297.6,1014.6,1.3,2.4,262,22.5,9,,2025-03-20T06:25:08,2025-03-20T18:32:36,0.7,Clear,Clear conditions throughout the day.,clear-day,"INI0000VIDP,42182099999,INI0000VIDD,VIDP,42139099999,42181099999"
new delhi,21-03-2025,89.4,60.8,75.2,86.3,60.8,74.3,52.6,49.8,0,0,0,,0,0,21.1,11,280.8,1014.3,0,2.4,276.7,23.8,9,,2025-03-21T06:23:59,2025-03-21T18:33:10,0.73,Clear,Clear conditions throughout the day.,clear-day,"INI0000VIDP,42182099999,INI0000VIDD,VIDP,42139099999,42181099999"
new delhi,22-03-2025,87.3,64.1,75.7,85.4,64.1,75,53.8,49.8,0,0,0,,0,0,20.8,9.2,280.9,1012.9,13.6,2.5,266.4,23.2,9,,2025-03-22T06:22:49,2025-03-22T18:33:43,0.75,Clear,Clear conditions throughout the day.,clear-day,"INI0000VIDP,42182099999,INI0000VIDD,VIDP,42139099999,42181099999"
new delhi,23-03-2025,92.5,61.5,77.3,89.7,61.5,76.2,52,45.8,0,0,0,,0,0,11.9,5.8,246.4,1014.5,0,2.7,281.9,24.2,9,,2025-03-23T06:21:39,2025-03-23T18:34:17,0.8,Clear,Clear conditions throughout the day.,clear-day,"INI0000VIDP,42182099999,INI0000VIDD,VIDP,42139099999,42181099999"
new delhi,24-03-2025,95,61.9,78.9,91.6,61.9,77.3,50.1,43.8,0,0,0,,0,0,15,6.9,227.7,1013.9,0,2.6,281.6,24.2,9,,2025-03-24T06:20:30,2025-03-24T18:34:51,0.83,Clear,Clear conditions throughout the day.,clear-day,"INI0000VIDP,42182099999,INI0000VIDD,VIDP,42139099999,42181099999"
new delhi,25-03-2025,98.1,65,81.5,94.1,65,79.8,49.8,39,0,0,0,,0,0,13.6,8.1,327,1009.7,0,2.5,281.9,24.2,9,,2025-03-25T06:19:20,2025-03-25T18:35:24,0.86,Clear,Clear conditions throughout the day.,clear-day,"INI0000VIDP,42182099999,INI0000VIDD,VIDP,42139099999,42181099999"
new delhi,26-03-2025,100.7,66.4,84.5,97.5,66.4,82.7,50.6,37,0,0,0,,0,0,15.9,7.7,228.1,1006.9,0,2.3,283.8,24.2,9,,2025-03-26T06:18:10,2025-03-26T18:35:58,0.89,Clear,Clear conditions throughout the day.,clear-day,"INI0000VIDP,42182099999,INI0000VIDD,42176099999,VIDP,42139099999,42181099999"
new delhi,27-03-2025,96.8,69.2,84,94,69.2,82.5,52.6,37.4,0,0,0,,0,0,20.8,11.6,275.3,1006.8,25.2,2.7,270.7,23.4,9,,2025-03-27T06:17:01,2025-03-27T18:36:31,0.93,Partially cloudy,Partly cloudy throughout the day.,partly-cloudy-day,"INI0000VIDP,42182099999,INI0000VIDD,VIDP,42139099999,42181099999"
new delhi,28-03-2025,89.1,67.9,77.5,85.2,67.9,76.4,43.7,33.7,0,0,0,,0,0,26.2,12.4,278.4,1009.7,2.1,2.5,295.5,25.6,10,,2025-03-28T06:15:51,2025-03-28T18:37:05,0.96,Clear,Clear conditions throughout the day.,clear-day,"INI0000VIDP,42182099999,INI0000VIDD,42176099999,VIDP,42139099999,42181099999"
new delhi,29-03-2025,84.2,56,72.3,81.3,56,71.8,36.3,28.3,0,0,0,,0,0,23,16.2,277.1,1010.5,31.3,2.7,258.4,22.4,9,,2025-03-29T06:14:42,2025-03-29T18:37:38,0,Partially cloudy,Partly cloudy throughout the day.,partly-cloudy-day,"INI0000VIDP,42182099999,INI0000VIDD,VIDP,42139099999,42181099999"
new delhi,30-03-2025,88.2,61.4,75.3,84.6,61.4,74,39.7,30.6,0,0,0,,0,0,24.4,11.4,278.7,1010.7,20.7,2.7,297.8,25.8,10,,2025-03-30T06:13:33,2025-03-30T18:38:11,0.03,Partially cloudy,Partly cloudy throughout the day.,partly-cloudy-day,"INI0000VIDP,42182099999,INI0000VIDD,VIDP,42139099999,42181099999"
new delhi,31-03-2025,93.3,59,77.7,89.2,59,76.1,41.7,31.8,0,0,0,,0,0,21.3,9.5,282.7,1010.9,0,2.7,299.8,26,10,,2025-03-31T06:12:24,2025-03-31T18:38:45,0.06,Clear,Clear conditions throughout the day.,clear-day,"INI0000VIDP,42182099999,INI0000VIDD,VIDP,42139099999,42181099999"
new delhi,01-04-2025,93.2,60.2,78.6,88.9,60.2,77,40.7,30.1,0,0,0,,0,0,22.6,15.4,282.3,1010,0,2.8,302.2,26.1,10,,2025-04-01T06:11:15,2025-04-01T18:39:18,0.1,Clear,Clear conditions throughout the day.,clear-day,"INI0000VIDP,42182099999,INI0000VIDD,VIDP,42139099999,42181099999"
new delhi,02-04-2025,96.1,59.9,79.5,92.6,59.9,77.8,43.8,33.4,0,0,0,,0,0,18.6,11.7,291.9,1010.8,0,2.4,302,26.1,10,,2025-04-02T06:10:06,2025-04-02T18:39:51,0.13,Clear,Clear conditions throughout the day.,clear-day,"INI0000VIDP,42182099999,INI0000VIDD,VIDP,42139099999,42181099999"
new delhi,03-04-2025,99.9,62.4,82.9,96,62.4,80.8,42.8,31.2,0,0,0,,0,0,14.3,6.6,152.8,1011.3,18.8,2.8,293.3,25.5,10,,2025-04-03T06:08:58,2025-04-03T18:40:24,0.17,Clear,Clear conditions throughout the day.,clear-day,"INI0000VIDP,42182099999,INI0000VIDD,42176099999,VIDP,42139099999,42181099999,remote,INM00042139"
new delhi,04-04-2025,99.6,69.9,85.3,95.1,69.9,83,44.1,27.1,0,0,0,,0,0,19.7,10.3,287.6,1010.9,18.5,2.6,297,25.6,10,,2025-04-04T06:07:49,2025-04-04T18:40:58,0.2,Clear,Clear conditions throughout the day.,clear-day,"INI0000VIDP,42182099999,INI0000VIDD,VIDP,42139099999,42181099999"
new delhi,05-04-2025,95,68,82.6,92.1,68,81,48.4,32.9,0,0,0,,0,0,19.8,10,280.4,1008.9,0,2.9,300.6,26,10,,2025-04-05T06:06:42,2025-04-05T18:41:31,0.25,Clear,Clear conditions throughout the day.,clear-day,"INI0000VIDP,42182099999,INI0000VIDD,VIDP,42139099999,42181099999"
new delhi,06-04-2025,99.1,67.1,84.1,96.9,67.1,82.6,50.7,34.9,0,0,0,,0,0,15.9,10.3,283.5,1007.2,1,2.6,299.1,25.8,10,,2025-04-06T06:05:34,2025-04-06T18:42:05,0.27,Clear,Clear conditions throughout the day.,clear-day,"INI0000VIDP,42182099999,INI0000VIDD,VIDP,42139099999,42181099999,INM00042139"
new delhi,07-04-2025,102.2,70.7,88,101.8,70.7,86.4,52.6,34,0,0,0,,0,0,16.3,5.8,87.9,1008.2,0,2.7,295.4,25.6,9,,2025-04-07T06:04:27,2025-04-07T18:42:38,0.3,Clear,Clear conditions throughout the day.,clear-day,"INI0000VIDP,42182099999,INI0000VIDD,VIDP,42139099999,42181099999"
new delhi,08-04-2025,104,74.4,90,104.4,74.4,89.3,55.9,34.1,0,0,0,,0,0,22.4,9.2,96.9,1010.1,0,2.6,294.5,25.6,9,,2025-04-08T06:03:20,2025-04-08T18:43:12,0.34,Clear,Clear conditions throughout the day.,clear-day,"INI0000VIDP,42182099999,INI0000VIDD,VIDP,42139099999,42181099999"
new delhi,09-04-2025,104,78.1,91.9,109.2,78.1,93.1,62.1,39.5,0,0,0,,0,0,19.5,8.8,110.1,1007.7,0,2.4,280.2,24.2,9,,2025-04-09T06:02:14,2025-04-09T18:43:45,0.37,Clear,Clear conditions throughout the day.,clear-day,"INI0000VIDP,42182099999,INI0000VIDD,VIDP,42139099999,42181099999"
new delhi,10-04-2025,102.1,80.6,90,102.8,80.9,89.6,58.1,36.2,0,0,0,,0,0,23,11.4,75.8,1003.5,43.3,2.4,257.5,22.3,9,,2025-04-10T06:01:08,2025-04-10T18:44:19,0.41,Partially cloudy,Partly cloudy throughout the day.,partly-cloudy-day,"INI0000VIDP,42182099999,INI0000VIDD,VIDP,42139099999,42181099999"
new delhi,11-04-2025,94.8,69.8,80.9,101.7,69.8,81.8,63.7,58.1,0.031,100,4.17,rain,0,0,46.1,19.2,89.3,1003.7,46.2,2.3,259.9,22.6,9,,2025-04-11T06:00:03,2025-04-11T18:44:53,0.44,"Rain, Partially cloudy",Becoming cloudy in the afternoon with late afternoon rain.,rain,"INI0000VIDP,42182099999,INI0000VIDD,VIDP,42139099999,42181099999"
new delhi,12-04-2025,93.1,68,80.5,94.4,68,80.2,59.8,53.1,0,0,0,,0,0,100.2,11,57.5,1006.7,29.2,2.5,281.2,24.3,9,,2025-04-12T05:58:58,2025-04-12T18:45:27,0.47,Partially cloudy,Partly cloudy throughout the day.,partly-cloudy-day,"INI0000VIDP,42182099999,INI0000VIDD,VIDP,42139099999,42181099999,VIDD"
new delhi,13-04-2025,96.2,72,84.7,96.5,72,84.2,56.8,40.5,0,0,0,,0,0,14.8,7.3,81.6,1008.1,23.9,2.5,267.4,23,9,,2025-04-13T05:57:53,2025-04-13T18:46:01,0.5,Partially cloudy,Partly cloudy throughout the day.,partly-cloudy-day,"INI0000VIDP,42182099999,INI0000VIDD,VIDP,42139099999,42181099999"
new delhi,14-04-2025,98.1,72.2,85.5,99.8,72.2,85.4,59.3,43.7,0,0,0,,0,0,18.1,8.8,101.3,1008.4,6.6,2.5,297.2,25.7,10,,2025-04-14T05:56:49,2025-04-14T18:46:35,0.54,Clear,Clear conditions throughout the day.,clear-day,"INI0000VIDP,42182099999,INI0000VIDD,VIDP,42139099999,42181099999"
new delhi,15-04-2025,99,76.4,87.3,100.4,76.4,87.2,59.7,41.3,0,0,0,,0,0,21.7,9.2,119.3,1008.8,13.2,2.7,269.2,23.3,9,,2025-04-15T05:55:46,2025-04-15T18:47:09,0.58,Clear,Clear conditions throughout the day.,clear-day,"INI0000VIDP,42182099999,INI0000VIDD,VIDP,42139099999,42181099999"
new delhi,16-04-2025,100.5,75.8,89.2,103.4,75.8,89.4,60.5,40,0,0,0,,0,0,17.2,8.5,122,1007.1,10.2,2.7,271.5,23.5,9,,2025-04-16T05:54:43,2025-04-16T18:47:43,0.61,Clear,Clear conditions throughout the day.,clear-day,"INI0000VIDP,42182099999,INI0000VIDD,VIDP,42139099999,42181099999"
new delhi,17-04-2025,103.2,80.6,91.5,106.1,80.8,91.8,59.7,36.6,0,0,0,,0,0,19.5,11.4,93.2,1004.6,11,2.5,286.8,24.7,9,,2025-04-17T05:53:41,2025-04-17T18:48:18,0.64,Clear,Clear conditions throughout the day.,clear-day,"INI0000VIDP,42182099999,INI0000VIDD,VIDP,42139099999,42181099999"
new delhi,18-04-2025,103.4,78.8,90,110.1,78.8,92.1,64.7,45.8,0,0,0,,0,0,23,10.7,91.2,1003.1,14.8,2.3,298.2,25.9,9,,2025-04-18T05:52:40,2025-04-18T18:48:52,0.68,Clear,Clear conditions throughout the day.,clear-day,"INI0000VIDP,42182099999,INI0000VIDD,VIDP,42139099999,42181099999"
new delhi,19-04-2025,101.6,79.2,89,106.3,79.2,91.8,65.7,47.5,0,0,0,,0,0,24.2,12,112.4,1003.4,12.1,2.4,286.8,24.9,10,,2025-04-19T05:51:39,2025-04-19T18:49:27,0.71,Clear,Clear conditions throughout the day.,clear-day,"INI0000VIDP,42182099999,INI0000VIDD,42176099999,VIDP,42139099999,42181099999"
new delhi,20-04-2025,100.4,78.8,90.4,106.9,78.8,93,65.8,47.1,0,0,0,,0,0,21.3,10.3,104.4,1003.7,16.1,2.6,266.7,23,9,,2025-04-20T05:50:39,2025-04-20T18:50:02,0.75,Clear,Clear conditions throughout the day.,clear-day,"INI0000VIDP,42182099999,INI0000VIDD,VIDP,42139099999,42181099999"
new delhi,21-04-2025,104.5,79.9,91.2,100.7,79.9,89.9,48.8,31.3,0,0,0,,0,0,17.4,9.5,227.1,1006.7,23.1,2.7,309.3,26.7,10,,2025-04-21T05:49:39,2025-04-21T18:50:37,0.75,Partially cloudy,Partly cloudy throughout the day.,partly-cloudy-day,"INI0000VIDP,42182099999,INI0000VIDD,VIDP,42139099999,42181099999"
new delhi,22-04-2025,104,71.9,88.1,98.6,71.9,85.3,36.3,18.7,0,0,0,,0,0,23,11.4,258.5,1008.2,6.3,2.5,327.5,28.2,10,,2025-04-22T05:48:41,2025-04-22T18:51:12,0.81,Clear,Clear conditions throughout the day.,clear-day,"INI0000VIDP,42182099999,INI0000VIDD,VIDP,42139099999,42181099999"
new delhi,23-04-2025,102.6,69.8,87.4,98.2,69.8,84.6,38,20.3,0,0,0,,0,0,24.6,16.4,262.9,1005.8,0,2.5,328,28.4,10,,2025-04-23T05:47:43,2025-04-23T18:51:47,0.85,Clear,Clear conditions throughout the day.,clear-day,"INI0000VIDP,42182099999,INI0000VIDD,42176099999,VIDP,42139099999,42181099999"
new delhi,24-04-2025,104.2,71.1,89.6,99.6,71.1,86.4,39.1,20.4,0,0,0,,0,0,19,10.4,263.7,1003.4,0,2.6,323.7,27.8,10,,2025-04-24T05:46:46,2025-04-24T18:52:22,0.88,Clear,Clear conditions throughout the day.,clear-day,"INI0000VIDP,42182099999,INI0000VIDD,VIDP,42139099999,42181099999"
new delhi,25-04-2025,105.8,74.9,90.7,100.9,74.9,87.7,43.2,23.2,0,0,0,,0,0,19.8,8.5,281.1,1004.3,4.3,2.6,322.2,27.7,10,,2025-04-25T05:45:49,2025-04-25T18:52:58,0.91,Clear,Clear conditions throughout the day.,clear-day,"INI0000VIDP,42182099999,INI0000VIDD,VIDP,42139099999,42181099999"
new delhi,26-04-2025,105.8,71.4,90.1,99.3,71.4,87.1,43.6,24.3,0,0,0,,0,0,22.1,10,229.2,1004.2,37.9,2.3,281.4,24.3,10,,2025-04-26T05:44:54,2025-04-26T18:53:33,0.95,Partially cloudy,Becoming cloudy in the afternoon.,partly-cloudy-day,"INI0000VIDP,42182099999,INI0000VIDD,VIDP,42139099999,42181099999"
new delhi,27-04-2025,104,82.4,91.6,102.8,80.4,88.6,44.9,21.9,0,0,0,,0,0,17,9.3,232.6,1005.2,28.4,2.5,308.2,26.5,10,,2025-04-27T05:43:59,2025-04-27T18:54:09,0.98,Partially cloudy,Partly cloudy throughout the day.,partly-cloudy-day,"INI0000VIDP,42182099999,INI0000VIDD,VIDP,42139099999,42181099999"
new delhi,28-04-2025,104,76.3,91.2,104.1,76.3,89.9,53.6,29.6,0,0,0,,0,0,21,9.6,97.2,1004.1,0,2.5,311,26.8,10,,2025-04-28T05:43:06,2025-04-28T18:54:45,0,Clear,Clear conditions throughout the day.,clear-day,"INI0000VIDP,42182099999,INI0000VIDD,VIDP,42139099999,42181099999"
new delhi,29-04-2025,97.2,77,87.2,99.7,77,87.6,60.9,42.5,0,0,0,,0,0,22.1,12.8,91.4,1005.3,0,2.6,309.9,26.9,10,,2025-04-29T05:42:13,2025-04-29T18:55:21,0.05,Clear,Clear conditions throughout the day.,clear-day,"INI0000VIDP,42182099999,INI0000VIDD,VIDP,42139099999,42181099999"
new delhi,30-04-2025,98.5,80.1,88.4,103,81.4,90.2,64,45.4,0,0,0,,0,0,24.6,13.9,95.7,1006.6,0,2.4,300.2,25.9,10,,2025-04-30T05:41:21,2025-04-30T18:55:57,0.08,Clear,Clear conditions throughout the day.,clear-day,"INI0000VIDP,42182099999,INI0000VIDD,VIDP,42139099999,42181099999"
new delhi,01-05-2025,99.5,80.6,90,106.9,83.3,93.2,66.6,47.4,0,0,0,,0,0,21,11.1,92.5,1007.5,6.2,2.4,288.5,24.9,9,,2025-05-01T05:40:30,2025-05-01T18:56:33,0.12,Clear,Clear conditions throughout the day.,clear-day,"INI0000VIDP,42182099999,INI0000VIDD,VIDP,42139099999,42181099999"
new delhi,02-05-2025,87.8,68,77.7,90,68,78.7,66.8,71,0.164,100,12.5,rain,0,0,101.6,14,69.6,1009.4,66.4,2.1,281.3,24.3,9,,2025-05-02T05:39:40,2025-05-02T18:57:09,0.15,"Rain, Partially cloudy",Partly cloudy throughout the day with rain clearing later.,rain,"INI0000VIDP,42182099999,INI0000VIDD,42176099999,VIDP,42139099999,42181099999"
new delhi,03-05-2025,93.2,72.9,82.6,98.3,72.9,84.4,67.7,64.1,0,0,0,,0,0,19.7,10,125.9,1006,54.3,2.2,292.7,25.1,9,,2025-05-03T05:38:51,2025-05-03T18:57:45,0.18,Partially cloudy,Partly cloudy throughout the day.,partly-cloudy-day,"INI0000VIDP,42182099999,INI0000VIDD,VIDP,42139099999,42181099999"
new delhi,04-05-2025,95.8,77.4,86.5,101.4,77.4,88.6,66.6,54.1,0,0,0,,0,0,19.2,9.5,120,1004,61.8,2,276.7,23.9,9,,2025-05-04T05:38:03,2025-05-04T18:58:21,0.25,Partially cloudy,Partly cloudy throughout the day.,partly-cloudy-day,"INI0000VIDP,42182099999,INI0000VIDD,VIDP,42139099999,42181099999"
new delhi,05-05-2025,89.1,75,81.8,93,75,83.2,64.8,56.9,0.009,100,4.17,rain,0,0,25.3,11.4,74.7,1006,65.2,2.7,257.9,22.3,9,,2025-05-05T05:37:16,2025-05-05T18:58:58,0.25,"Rain, Partially cloudy",Partly cloudy throughout the day with afternoon rain.,rain,"INI0000VIDP,42182099999,INI0000VIDD,VIDP,42139099999,42181099999"
new delhi,06-05-2025,95,74,84.2,97.9,74,85.1,64.9,55.1,0,0,0,,0,0,19.2,10.6,100.3,1005.4,42.6,2.4,273.3,23.7,9,,2025-05-06T05:36:31,2025-05-06T18:59:34,0.28,Partially cloudy,Partly cloudy throughout the day.,partly-cloudy-day,"INI0000VIDP,42182099999,INI0000VIDD,VIDP,42139099999,42181099999"
new delhi,07-05-2025,96.6,78.3,84.7,100.9,78.3,87,67.4,57.6,0,0,0,,0,0,21.9,10.6,97.1,1005.2,64.8,2.6,251.8,21.7,8,,2025-05-07T05:35:46,2025-05-07T19:00:11,0.32,Partially cloudy,Partly cloudy throughout the day.,partly-cloudy-day,"INI0000VIDP,42182099999,INI0000VIDD,VIDP,42139099999,42181099999"
new delhi,08-05-2025,96.8,77,87.1,102,77,89.9,67.5,54.5,0.001,100,4.17,rain,0,0,21,11.1,78.4,1005.1,64,2.4,263.2,22.5,9,,2025-05-08T05:35:02,2025-05-08T19:00:47,0.35,"Rain, Partially cloudy",Partly cloudy throughout the day with morning rain.,rain,"INI0000VIDP,42182099999,INI0000VIDD,VIDP,42139099999,42181099999"
new delhi,09-05-2025,96.7,79.6,87.7,103.2,79.6,91.4,68.2,54.1,0.015,100,4.17,rain,0,0,23,10.1,90.1,1006.2,45.5,2.6,269.9,23.4,9,,2025-05-09T05:34:20,2025-05-09T19:01:24,0.38,"Rain, Partially cloudy",Partly cloudy throughout the day with afternoon rain.,rain,"INI0000VIDP,42182099999,INI0000VIDD,VIDP,42139099999,42181099999"
new delhi,10-05-2025,95.2,80.1,85.6,102.1,83.8,90.4,70.4,61.5,0.483,100,4.17,rain,0,0,24.2,11.6,316.1,1006.1,48.9,1.5,263.6,22.8,9,,2025-05-10T05:33:39,2025-05-10T19:02:00,0.42,"Rain, Partially cloudy",Partly cloudy throughout the day with afternoon rain.,rain,"INI0000VIDP,42182099999,INI0000VIDD,VIDP,42139099999,42181099999"
new delhi,11-05-2025,100.4,77,88.1,102.8,77,89.8,66.5,53.3,0,0,0,,0,0,26.4,22.2,284.2,1004.7,22.4,2.3,310.2,26.6,9,,2025-05-11T05:32:58,2025-05-11T19:02:36,0.45,Partially cloudy,Partly cloudy throughout the day.,partly-cloudy-day,"INI0000VIDP,42182099999,INI0000VIDD,VIDP,42139099999,42181099999"
new delhi,12-05-2025,100.4,78.5,90.4,103.6,78.5,91,60.7,38.4,0,0,0,,0,0,23,10.7,275.9,1003.9,43.3,2.7,303.2,26.3,10,,2025-05-12T05:32:19,2025-05-12T19:03:13,0.5,Partially cloudy,Partly cloudy throughout the day.,partly-cloudy-day,"INI0000VIDP,42182099999,INI0000VIDD,VIDP,42139099999,42181099999"
new delhi,13-05-2025,103.3,82.4,88.8,108.3,82.8,89.6,61.5,40.9,0.025,100,4.17,rain,0,0,28.9,10,266.6,1003.8,57.6,2.6,305.9,26.6,10,,2025-05-13T05:31:42,2025-05-13T19:03:49,0.52,"Rain, Partially cloudy",Partly cloudy throughout the day with afternoon rain.,rain,"INI0000VIDP,42182099999,INI0000VIDD,VIDP,42139099999,42181099999"
new delhi,14-05-2025,104,77.3,90.9,104.3,77.3,91.2,60.3,39.5,0,0,0,,0,0,21,10.2,270.4,1003.5,15,2.8,315.4,27.1,10,,2025-05-14T05:31:05,2025-05-14T19:04:25,0.55,Clear,Clear conditions throughout the day.,clear-day,"INI0000VIDP,42182099999,INI0000VIDD,VIDP,42139099999,42181099999,VIDD"
new delhi,15-05-2025,105.8,79.8,93.1,105,79.8,92.2,57.1,32.2,0,0,0,,0,0,20.6,9.3,270.2,1003.2,7.7,1.8,325.6,28.2,10,,2025-05-15T05:30:30,2025-05-15T19:05:01,0.59,Clear,Clear conditions throughout the day.,clear-day,"INI0000VIDP,42182099999,INI0000VIDD,VIDP,42139099999,42181099999"
new delhi,16-05-2025,107.7,81.5,92.7,109.1,84.2,93.4,61.1,38.1,0.037,100,4.17,rain,0,0,30.1,10.3,357.6,1002.1,26.2,2.4,310.4,26.9,10,,2025-05-16T05:29:56,2025-05-16T19:05:37,0.62,"Rain, Partially cloudy",Partly cloudy throughout the day with afternoon rain.,rain,"INI0000VIDP,42182099999,INI0000VIDD,VIDP,42139099999,42181099999"
new delhi,17-05-2025,105.3,82.4,92.5,110.4,83.5,94,62.4,37.7,0.007,100,8.33,rain,0,0,23.5,9.3,211.3,1001.8,54.3,2.5,289,25,9,,2025-05-17T05:29:23,2025-05-17T19:06:13,0.66,"Rain, Partially cloudy",Partly cloudy throughout the day with rain.,rain,"INI0000VIDP,42182099999,INI0000VIDD,VIDP,42139099999,42181099999"
new delhi,18-05-2025,107.6,83,95.1,113.6,85.2,98.5,64.9,39,0,0,0,,0,0,21,10.4,315.9,1001.7,9.5,2.7,307,26.6,9,,2025-05-18T05:28:51,2025-05-18T19:06:49,0.69,Clear,Clear conditions throughout the day.,clear-day,"INI0000VIDP,42182099999,INI0000VIDD,VIDP,42139099999,42181099999"
new delhi,19-05-2025,102.7,84.2,93.3,120.7,91,103.3,73.6,54.6,0,0,0,,0,0,27.3,11.1,88.2,1001.7,2.2,2.5,302.1,26,10,,2025-05-19T05:28:21,2025-05-19T19:07:24,0.73,Clear,Clear conditions throughout the day.,clear-day,"INI0000VIDP,42182099999,INI0000VIDD,VIDP,42139099999,42181099999"
new delhi,20-05-2025,107.6,84.3,94.6,121.2,91.1,104.6,73.2,52.2,0,0,0,,0,0,19.7,10.6,99.8,1000,7.4,2.4,314,27.1,10,,2025-05-20T05:27:52,2025-05-20T19:08:00,0.75,Clear,Clear conditions throughout the day.,clear-day,"INI0000VIDP,42182099999,INI0000VIDD,VIDP,42139099999,42181099999"
new delhi,21-05-2025,104.1,75,92.3,122,75,101.3,73.2,56.4,0.029,100,8.33,rain,0,0,96.2,13.1,91.5,1000.6,28.1,2.4,299.9,25.6,10,,2025-05-21T05:27:24,2025-05-21T19:08:35,0.8,"Rain, Partially cloudy",Partly cloudy throughout the day with late afternoon rain.,rain,"INI0000VIDP,42182099999,INI0000VIDD,VIDP,42139099999,42181099999"
new delhi,22-05-2025,93.2,75.4,85,101.2,75.4,88.3,68.6,59.3,0.437,100,4.17,rain,0,0,22.1,13.1,97.1,1001.9,17,2.6,280.3,24.2,9,,2025-05-22T05:26:58,2025-05-22T19:09:09,0.83,Rain,Clear conditions throughout the day with early morning rain.,rain,"INI0000VIDP,42182099999,INI0000VIDD,42176099999,VIDP,42139099999,42181099999,INM00042139"
new delhi,23-05-2025,97.2,80.6,89.1,109.7,85.4,96.3,72.1,58.4,0,0,0,,0,0,24.6,12.4,96.3,1000.2,0,2.9,301.2,25.9,9,,2025-05-23T05:26:33,2025-05-23T19:09:44,0.87,Clear,Clear conditions throughout the day.,clear-day,"INI0000VIDP,42182099999,INI0000VIDD,VIDP,42139099999,42181099999"
new delhi,24-05-2025,99.9,84.7,92.5,117.8,90.6,101.1,72.3,52.5,0,0,0,,0,0,22.1,11.4,91.9,999.9,29.8,2.6,283.5,24.5,9,,2025-05-24T05:26:09,2025-05-24T19:10:18,0.9,Partially cloudy,Partly cloudy throughout the day.,partly-cloudy-day,"INI0000VIDP,42182099999,INI0000VIDD,VIDP,42139099999,42181099999"
new delhi,25-05-2025,89.6,70.2,80.5,98.3,70.2,84.8,72.6,78.2,3.151,100,8.33,rain,0,0,73.5,17.6,56.6,1003.8,65.9,2.2,254.6,22.3,9,,2025-05-25T05:25:47,2025-05-25T19:10:52,0.94,"Rain, Partially cloudy",Partly cloudy throughout the day with early morning rain.,rain,"INI0000VIDP,42182099999,INI0000VIDD,VIDP,42139099999,42181099999,INM00042139"
new delhi,26-05-2025,94.4,79.3,85.7,110.5,79.3,94.5,75.8,73.6,0,0,0,,0,0,19.7,10.6,92.2,1002.4,45.7,2.6,254.4,22,8,,2025-05-26T05:25:26,2025-05-26T19:11:25,0.97,Partially cloudy,Partly cloudy throughout the day.,partly-cloudy-day,"INI0000VIDP,42182099999,INI0000VIDD,VIDP,42139099999,42181099999"
new delhi,27-05-2025,97.4,80.4,89.6,111.7,86.2,98.9,74.5,63.5,0,0,0,,0,0,21.5,9,98.1,999.9,14.4,2.8,267,23,8,,2025-05-27T05:25:06,2025-05-27T19:11:58,0,Clear,Clear conditions throughout the day.,clear-day,"INI0000VIDP,42182099999,INI0000VIDD,VIDP,42139099999,42181099999"
new delhi,28-05-2025,100.4,84,92.3,115.3,95.2,105.3,76.4,61.6,0,0,0,,0,0,17.2,6.7,113.9,998.1,16,2.6,289.6,25,9,,2025-05-28T05:24:48,2025-05-28T19:12:31,0.04,Clear,Clear conditions throughout the day.,clear-day,"INI0000VIDP,42182099999,INI0000VIDD,VIDP,42139099999,42181099999"
new delhi,29-05-2025,100.8,84.9,91.1,120.6,88.4,100.8,73,56.9,0,0,0,,0,0,28.9,19.3,174.2,996.1,62.8,2.3,248.5,21.6,9,,2025-05-29T05:24:31,2025-05-29T19:13:03,0.07,Partially cloudy,Partly cloudy throughout the day.,partly-cloudy-day,"INI0000VIDP,42182099999,INI0000VIDD,42176099999,VIDP,42139099999,42181099999"
new delhi,30-05-2025,92.9,82.7,87.9,101.1,87.4,92.4,69,54.5,0,0,0,,0,0,21.8,12.8,355,996,75.2,2.4,270.9,23.4,9,,2025-05-30T05:24:15,2025-05-30T19:13:34,0.1,Partially cloudy,Partly cloudy throughout the day.,partly-cloudy-day,"INI0000VIDP,42182099999,INI0000VIDD,VIDP,42139099999,42181099999,VIDD"
new delhi,31-05-2025,102.2,80.3,89.6,114.1,84.7,93.5,67.4,49.8,0,0,0,,0,0,97.8,9,226.2,998,57.8,2.4,284.4,24.7,9,,2025-05-31T05:24:01,2025-05-31T19:14:05,0.14,Partially cloudy,Partly cloudy throughout the day.,partly-cloudy-day,"INI0000VIDP,42182099999,INI0000VIDD,VIDP,42139099999,42181099999"
new delhi,01-06-2025,99.9,73.7,85.8,111.9,73.7,88.5,67.4,56.2,0.64,100,4.17,rain,0,0,63.1,13.5,234.5,999.4,85.8,2.2,246.5,21.4,9,,2025-06-01T05:23:48,2025-06-01T19:14:36,0.17,"Rain, Partially cloudy",Partly cloudy throughout the day with late afternoon rain.,rain,"INI0000VIDP,42182099999,INI0000VIDD,42176099999,VIDP,42139099999,42181099999,INM00042139"
new delhi,02-06-2025,96,77.3,86.1,104.7,77.3,88.5,66.3,52.6,0.023,100,4.17,rain,0,0,28.9,13.1,250.1,999.1,66,2.7,274.1,23.6,9,,2025-06-02T05:23:36,2025-06-02T19:15:06,0.2,"Rain, Partially cloudy",Partly cloudy throughout the day with early morning rain.,rain,"INI0000VIDP,42182099999,INI0000VIDD,42176099999,VIDP,42139099999,42181099999,INM00042139"
new delhi,03-06-2025,90.7,78.8,84.5,94.6,78.8,86.4,65,52.6,0,0,0,,0,0,18.3,10,256.3,1001.6,71.3,2.7,264.6,22.9,9,,2025-06-03T05:23:26,2025-06-03T19:15:35,0.25,Partially cloudy,Partly cloudy throughout the day.,partly-cloudy-day,"INI0000VIDP,42182099999,INI0000VIDD,VIDP,42139099999,42181099999"
new delhi,04-06-2025,92.4,77.7,84.4,96.2,77.7,85.9,65.7,55.1,0,0,0,,0,0,19.7,11.4,257,1004.1,66.8,2.6,246.5,21.2,9,,2025-06-04T05:23:17,2025-06-04T19:16:04,0.27,Partially cloudy,Partly cloudy throughout the day.,partly-cloudy-day,"INI0000VIDP,42182099999,INI0000VIDD,VIDP,42139099999,42181099999"
new delhi,05-06-2025,96.7,78.8,87.1,102.3,78.8,88.9,64.6,48.6,0,0,0,,0,0,13.6,9.1,241.5,1007,58.1,2.6,277.3,24.1,9,,2025-06-05T05:23:10,2025-06-05T19:16:32,0.3,Partially cloudy,Partly cloudy throughout the day.,partly-cloudy-day,"INI0000VIDP,42182099999,INI0000VIDD,VIDP,42139099999,42181099999"
new delhi,06-06-2025,100.4,80,90.5,109.4,80,94.5,68,49.8,0,0,0,,0,0,14.5,7.4,246,1005.9,27.9,2.7,265.8,22.9,8,,2025-06-06T05:23:04,2025-06-06T19:16:59,0.33,Partially cloudy,Partly cloudy throughout the day.,partly-cloudy-day,"INI0000VIDP,42182099999,INI0000VIDD,VIDP,42139099999,42181099999"
new delhi,07-06-2025,102.5,81.3,93.5,113.1,85.8,98.9,68.4,46,0,0,0,,0,0,11,6.1,118.6,1004.1,9,2.7,305.7,26.3,9,,2025-06-07T05:22:59,2025-06-07T19:17:26,0.37,Clear,Clear conditions throughout the day.,clear-day,"INI0000VIDP,42182099999,INI0000VIDD,VIDP,42139099999,42181099999"
new delhi,08-06-2025,109.4,85.6,97.2,116.3,90.3,102.9,67.6,41,0,0,0,,0,0,18.8,10.3,244.6,1002.2,1.2,2.7,299.9,26.1,9,,2025-06-08T05:22:55,2025-06-08T19:17:51,0.4,Clear,Clear conditions throughout the day.,clear-day,"INI0000VIDP,42182099999,INI0000VIDD,VIDP,42139099999,42181099999"
new delhi,09-06-2025,110,84.1,98.5,118.2,89.6,101.6,63.3,35,0,0,0,,0,0,20.8,11.2,267.6,1000.4,0,2.6,313.3,26.9,9,,2025-06-09T05:22:53,2025-06-09T19:18:16,0.43,Clear,Clear conditions throughout the day.,clear-day,"INI0000VIDP,42182099999,INI0000VIDD,VIDP,42139099999,42181099999"
new delhi,10-06-2025,111.2,87.1,98.4,115.1,85.5,98.7,57.5,27.7,0,0,0,,0,0,20.8,11.4,268.6,999.5,0,2.8,319.7,27.6,10,,2025-06-10T05:22:52,2025-06-10T19:18:40,0.47,Clear,Clear conditions throughout the day.,clear-day,"INI0000VIDP,42182099999,INI0000VIDD,VIDP,42139099999,42181099999"
new delhi,11-06-2025,110.7,83.1,99,126.3,88.3,104.3,64.6,35.9,0,0,0,,0,0,16.8,12.4,307.5,1000,0.9,2.6,313.6,27.2,9,,2025-06-11T05:22:52,2025-06-11T19:19:04,0.5,Clear,Clear conditions throughout the day.,clear-day,"INI0000VIDP,42182099999,INI0000VIDD,VIDP,42139099999,42181099999"
new delhi,12-06-2025,108.9,87.7,98.4,127.4,97.5,112.2,74.9,49.8,0,0,0,,0,0,19,8.8,94.4,1000,15.9,2.5,290.9,25.3,9,,2025-06-12T05:22:54,2025-06-12T19:19:26,0.53,Clear,Clear conditions throughout the day.,clear-day,"INI0000VIDP,42182099999,INI0000VIDD,VIDP,42139099999,42181099999,VIDD,remote"
new delhi,13-06-2025,104.1,90.2,95.6,131.2,100.6,110.2,76.3,54.5,0,0,0,,0,0,23,11.4,89.5,1000.7,22.4,2.2,268.1,23.2,8,,2025-06-13T05:22:57,2025-06-13T19:19:47,0.57,Partially cloudy,Partly cloudy throughout the day.,partly-cloudy-day,"INI0000VIDP,42182099999,INI0000VIDD,VIDP,42139099999,42181099999"
new delhi,14-06-2025,107.1,87.8,96.3,129.1,97.2,111.7,76.8,55,0,0,0,,0,0,16.3,8.1,84.5,999,24,2.6,288.1,25,9,,2025-06-14T05:23:01,2025-06-14T19:20:08,0.6,Partially cloudy,Partly cloudy throughout the day.,partly-cloudy-day,"INI0000VIDP,42182099999,INI0000VIDD,VIDP,42139099999,42181099999,INM00042139"
new delhi,15-06-2025,95,75.5,89.7,115.2,75.5,100.4,75,63,0.044,100,4.17,rain,0,0,78.3,21.3,72.8,998.2,68.4,2.6,244,21,9,,2025-06-15T05:23:07,2025-06-15T19:20:28,0.64,"Rain, Partially cloudy",Partly cloudy throughout the day with early morning rain.,rain,"INI0000VIDP,42182099999,INI0000VIDD,42176099999,VIDP,42139099999,42181099999,INM00042139"
new delhi,16-06-2025,92.7,86,88.7,107,95.2,99.5,75.5,65.5,0,0,0,,0,0,23.7,9.2,95.9,998.8,74,2.5,152.3,13.3,5,,2025-06-16T05:23:13,2025-06-16T19:20:46,0.68,Partially cloudy,Partly cloudy throughout the day.,partly-cloudy-day,"INI0000VIDP,42182099999,INI0000VIDD,VIDP,42139099999,42181099999,VIDD"
new delhi,17-06-2025,94.8,77,84.8,112.2,77,93.8,77.8,81,1.141,100,8.33,rain,0,0,23,9.8,88.2,999.4,85.8,2,164.5,14.3,8,,2025-06-17T05:23:21,2025-06-17T19:21:04,0.71,"Rain, Partially cloudy",Partly cloudy throughout the day with rain.,rain,"INI0000VIDP,42182099999,INI0000VIDD,VIDP,42139099999,42181099999"
new delhi,18-06-2025,93.2,78.8,85.2,113.6,78.8,95.5,78.2,80.5,0,0,0,,0,0,14.3,6.1,109,998.3,85.6,1.8,166.6,14.4,8,,2025-06-18T05:23:30,2025-06-18T19:21:20,0.75,Partially cloudy,Partly cloudy throughout the day.,partly-cloudy-day,"INI0000VIDP,42182099999,INI0000VIDD,VIDP,42139099999,42181099999"
new delhi,19-06-2025,96.1,82.4,88.1,112.6,92.5,100.7,77.7,72.5,0,0,0,,0,0,20.8,9.2,97.5,996.5,64.3,2.4,178.8,15.4,7,,2025-06-19T05:23:40,2025-06-19T19:21:35,0.75,Partially cloudy,Partly cloudy throughout the day.,partly-cloudy-day,"INI0000VIDP,42182099999,INI0000VIDD,VIDP,42139099999,42181099999"
new delhi,20-06-2025,93.5,81.9,86.8,113.8,89.8,99.6,78,75.4,0,0,0,,0,0,21.9,11.4,93.3,999.1,70.7,2.3,143.1,12.2,6,,2025-06-20T05:23:51,2025-06-20T19:21:50,0.82,Partially cloudy,Partly cloudy throughout the day.,partly-cloudy-day,"INI0000VIDP,42182099999,INI0000VIDD,VIDP,42139099999,42181099999"
new delhi,21-06-2025,98.5,82.4,89.2,120.2,92.5,104.1,78.8,72.5,0.036,100,4.17,rain,0,0,18.3,8.8,125.2,999.8,66.8,2.5,222.4,19.1,8,,2025-06-21T05:24:04,2025-06-21T19:22:03,0.85,"Rain, Partially cloudy",Partly cloudy throughout the day with afternoon rain.,rain,"INI0000VIDP,42182099999,INI0000VIDD,VIDP,42139099999,42181099999"
new delhi,22-06-2025,95.1,85.8,89.6,118.2,97.1,105.3,79,71.4,0,0,0,,0,0,13.2,10.8,91.5,999.1,67.2,2.8,232.7,20.1,7,,2025-06-22T05:24:17,2025-06-22T19:22:15,0.89,Partially cloudy,Partly cloudy throughout the day.,partly-cloudy-day,"INI0000VIDP,42182099999,INI0000VIDD,VIDP,42139099999,42181099999"
new delhi,23-06-2025,96.8,84.2,89.1,120.5,93.5,104.3,78.8,72.5,0.146,100,4.17,rain,0,0,20.3,9.8,111.5,996.6,68.7,2.1,197,17.1,7,,2025-06-23T05:24:32,2025-06-23T19:22:25,0.92,"Rain, Partially cloudy",Partly cloudy throughout the day with afternoon rain.,rain,"INI0000VIDP,42182099999,INI0000VIDD,VIDP,42139099999,42181099999"
new delhi,24-06-2025,95.6,83.7,88.3,120.6,95.3,104.8,80,77.1,0,0,0,,0,0,12.8,10,96,996.3,78.4,1.9,228.8,19.5,7,,2025-06-24T05:24:47,2025-06-24T19:22:35,0.96,Partially cloudy,Partly cloudy throughout the day.,partly-cloudy-day,"INI0000VIDP,42182099999,INI0000VIDD,VIDP,42139099999,42181099999"
new delhi,25-06-2025,92.8,86,88.4,117.6,101.2,107.9,81.6,80.4,0,0,0,,0,0,19.9,11.4,78.9,999.1,80.4,1.6,144.9,12.5,4,,2025-06-25T05:25:04,2025-06-25T19:22:43,0,Partially cloudy,Partly cloudy throughout the day.,partly-cloudy-day,"INI0000VIDP,42182099999,INI0000VIDD,VIDP,42139099999,42181099999"
new delhi,26-06-2025,99.5,85.5,91.3,120.8,99.4,107.2,78.7,67.9,0.003,100,4.17,rain,0,0,24.2,10.7,82.7,1000.7,50.6,2.7,219.8,19,7,,2025-06-26T05:25:21,2025-06-26T19:22:50,0.03,"Rain, Partially cloudy",Partly cloudy throughout the day with afternoon rain.,rain,"INI0000VIDP,42182099999,INI0000VIDD,VIDP,42139099999,42181099999"
new delhi,27-06-2025,100.3,86,92.3,123,97.2,106.9,77.4,63,0,0,0,,0,0,21.7,11.1,83.7,999.7,52.9,2.8,212.7,18.5,7,,2025-06-27T05:25:40,2025-06-27T19:22:56,0.06,Partially cloudy,Partly cloudy throughout the day.,partly-cloudy-day,"INI0000VIDP,42182099999,INI0000VIDD,VIDP,42139099999,42181099999"
new delhi,28-06-2025,96.1,80.6,87.4,118,87.2,100.2,77.9,74.2,0.026,100,4.17,rain,0,0,20.8,10.7,124.1,998.7,76.4,2.4,219.4,18.8,7,,2025-06-28T05:25:59,2025-06-28T19:23:01,0.09,"Rain, Partially cloudy",Partly cloudy throughout the day with afternoon rain.,rain,"INI0000VIDP,42182099999,INI0000VIDD,VIDP,42139099999,42181099999"
new delhi,29-06-2025,89.6,79.3,83,108.2,79.3,92.4,78.2,85.9,0.332,100,16.67,rain,0,0,20.8,8.4,123.1,996.8,90.1,1.7,132,11.3,5,,2025-06-29T05:26:20,2025-06-29T19:23:04,0.12,"Rain, Overcast",Cloudy skies throughout the day with rain.,rain,"INI0000VIDP,42182099999,INI0000VIDD,VIDP,42139099999,42181099999"
new delhi,30-06-2025,86.6,77.9,81.6,103.1,77.9,88.7,78.4,90.4,0.26,100,8.33,rain,0,0,21.3,7.3,113.8,997.9,97.9,1.6,126.8,11.1,6,,2025-06-30T05:26:41,2025-06-30T19:23:06,0.16,"Rain, Overcast",Cloudy skies throughout the day with rain.,rain,"INI0000VIDP,42182099999,INI0000VIDD,VIDP,42139099999,42181099999"
new delhi,01-07-2025,94,79.4,85.5,113.7,79.4,96.3,78.3,80.3,0.16,100,12.5,rain,0,0,13.6,8.8,91.3,998.9,90.4,2.1,166.5,14.5,7,,2025-07-01T05:27:03,2025-07-01T19:23:07,0.19,"Rain, Overcast",Cloudy skies throughout the day with rain clearing later.,rain,"INI0000VIDP,42182099999,INI0000VIDD,VIDP,42139099999,42181099999"
new delhi,02-07-2025,94.8,83.6,88.7,119.1,96.2,104.1,79.2,74.4,0.039,100,8.33,rain,0,0,25.7,9.2,85.4,998.6,59.3,2.6,208.3,18,9,,2025-07-02T05:27:26,2025-07-02T19:23:06,0.22,"Rain, Partially cloudy",Partly cloudy throughout the day with afternoon rain.,rain,"INI0000VIDP,42182099999,INI0000VIDD,VIDP,42139099999,42181099999"
new delhi,03-07-2025,97.2,84.2,89.6,119.3,96.2,106.2,79.7,73.5,0,0,0,,0,0,19.9,10.6,86.7,999.1,53.5,2.5,191.3,16.4,7,,2025-07-03T05:27:50,2025-07-03T19:23:04,0.25,Partially cloudy,Partly cloudy throughout the day.,partly-cloudy-day,"INI0000VIDP,42182099999,INI0000VIDD,VIDP,42139099999,42181099999"
new delhi,04-07-2025,95.7,84.2,87.6,115.5,96.2,103.7,80,78.8,0.015,100,4.17,rain,0,0,18.3,10.8,92.4,999.4,76.1,2.3,200.4,17.3,7,,2025-07-04T05:28:14,2025-07-04T19:23:00,0.29,"Rain, Partially cloudy",Partly cloudy throughout the day with afternoon rain.,rain,"INI0000VIDP,42182099999,INI0000VIDD,VIDP,42139099999,42181099999"
new delhi,05-07-2025,97,84.2,89.1,126.3,96.2,106.4,80.2,76,0.135,100,8.33,rain,0,0,11,5.4,181.7,998.4,73.6,2.1,217.9,18.9,8,,2025-07-05T05:28:39,2025-07-05T19:22:56,0.32,"Rain, Partially cloudy",Partly cloudy throughout the day with rain.,rain,"INI0000VIDP,42182099999,INI0000VIDD,VIDP,42139099999,42181099999"
new delhi,06-07-2025,93.1,82.4,88,115.8,94.2,105.6,80.8,79.9,0.036,100,4.17,rain,0,0,12.8,7.4,235.9,997.8,85.5,2.2,180.8,15.7,7,,2025-07-06T05:29:05,2025-07-06T19:22:50,0.35,"Rain, Partially cloudy",Partly cloudy throughout the day with morning rain.,rain,"INI0000VIDP,42182099999,INI0000VIDD,VIDP,42139099999,42181099999"
new delhi,07-07-2025,92.9,77,83.9,106,77,90.9,76.9,81,0.481,100,12.5,rain,0,0,25,12.8,234.1,999,78.6,2.4,150.2,12.9,5,,2025-07-07T05:29:31,2025-07-07T19:22:42,0.38,"Rain, Partially cloudy",Partly cloudy throughout the day with rain clearing later.,rain,"INI0000VIDP,42182099999,INI0000VIDD,VIDP,42139099999,42181099999"
new delhi,08-07-2025,97,82.4,89.3,118.5,90.9,105,79.1,72.7,0,0,0,,0,0,18.1,11.2,253.2,999.2,59.2,2.6,220.1,19,7,,2025-07-08T05:29:58,2025-07-08T19:22:33,0.42,Partially cloudy,Partly cloudy throughout the day.,partly-cloudy-day,"INI0000VIDP,42182099999,INI0000VIDD,VIDP,42139099999,42181099999"
new delhi,09-07-2025,94,77,84.5,112.5,77,93.7,77.5,80.8,0.775,100,12.5,rain,0,0,23,10.8,253.3,1000.5,83,2.4,186.8,16.1,7,,2025-07-09T05:30:26,2025-07-09T19:22:23,0.45,"Rain, Partially cloudy",Partly cloudy throughout the day with rain.,rain,"INI0000VIDP,42182099999,INI0000VIDD,VIDP,42139099999,42181099999"
new delhi,10-07-2025,85.5,76.8,80.3,97.8,76.8,85.2,77.4,91.6,0.838,100,8.33,rain,0,0,16.8,9.2,117.5,1002.7,88.7,2.1,86.3,7.4,4,,2025-07-10T05:30:54,2025-07-10T19:22:11,0.48,"Rain, Partially cloudy",Partly cloudy throughout the day with morning rain.,rain,"INI0000VIDP,42182099999,INI0000VIDD,VIDP,42139099999,42181099999"
new delhi,11-07-2025,91.2,80.6,84,108.2,87.2,95.3,78.6,84.3,0.056,100,8.33,rain,0,0,11.2,5.5,221.9,1001.8,73,2.2,193.5,16.7,7,,2025-07-11T05:31:23,2025-07-11T19:21:58,0.5,"Rain, Partially cloudy",Partly cloudy throughout the day with rain in the morning and afternoon.,rain,"INI0000VIDP,42182099999,INI0000VIDD,VIDP,42139099999,42181099999"
new delhi,12-07-2025,91.7,80.6,85,112.1,88.1,97.1,79.1,83.3,0.585,100,8.33,rain,0,0,14.8,8.8,219.3,1001.6,77.5,2.2,232.7,20.1,8,,2025-07-12T05:31:52,2025-07-12T19:21:44,0.55,"Rain, Partially cloudy",Partly cloudy throughout the day with rain.,rain,"INI0000VIDP,42182099999,INI0000VIDD,VIDP,42139099999,42181099999"
new delhi,13-07-2025,94,77.7,84.1,115.8,77.7,94.2,78.7,84.7,0.522,100,12.5,rain,0,0,34.4,13.8,81.8,1001.3,89.8,1.9,170.7,14.6,6,,2025-07-13T05:32:22,2025-07-13T19:21:28,0.59,"Rain, Partially cloudy",Partly cloudy throughout the day with rain.,rain,"INI0000VIDP,42182099999,INI0000VIDD,VIDP,42139099999,42181099999"
new delhi,14-07-2025,91.4,78.3,82.7,106.8,78.3,90.5,78.4,87.7,0.422,100,8.33,rain,0,0,23,11.4,78.6,999.3,92.4,1.9,169.5,14.5,7,,2025-07-14T05:32:52,2025-07-14T19:21:10,0.62,"Rain, Overcast",Cloudy skies throughout the day with rain.,rain,"INI0000VIDP,42182099999,INI0000VIDD,42176099999,VIDP,42139099999,42181099999"
new delhi,15-07-2025,91.8,78.8,83.9,107.8,78.8,92.3,77.6,82.2,0.016,100,4.17,rain,0,0,24.2,11.4,108.4,998.9,86.3,2.4,187.3,16.3,7,,2025-07-15T05:33:23,2025-07-15T19:20:52,0.66,"Rain, Partially cloudy",Partly cloudy throughout the day with morning rain.,rain,"INI0000VIDP,42182099999,INI0000VIDD,VIDP,42139099999,42181099999,VIDD"
new delhi,16-07-2025,91.7,78.8,84.5,113.1,78.8,96.6,79.4,85.5,0.574,100,12.5,rain,0,0,20.8,9.5,127.2,1000.5,72.9,2.2,172,14.8,7,,2025-07-16T05:33:54,2025-07-16T19:20:32,0.69,"Rain, Partially cloudy",Partly cloudy throughout the day with rain.,rain,"INI0000VIDP,42182099999,INI0000VIDD,VIDP,42139099999,42181099999"
new delhi,17-07-2025,92.7,77.7,84.8,111.1,77.7,95,77.8,80.7,0.232,100,4.17,rain,0,0,19.7,10,101.5,1002.5,87.3,2.2,76.2,6.6,3,,2025-07-17T05:34:26,2025-07-17T19:20:10,0.73,"Rain, Partially cloudy",Partly cloudy throughout the day with late afternoon rain.,rain,"INI0000VIDP,42182099999,INI0000VIDD,VIDP,42139099999,42181099999"
new delhi,18-07-2025,91.3,78.8,83.4,105.5,78.8,91.8,77.9,84.8,0.336,100,8.33,rain,0,0,37.4,12.1,56.1,1000.9,73.2,2.3,194.1,16.6,6,,2025-07-18T05:34:57,2025-07-18T19:19:47,0.75,"Rain, Partially cloudy",Partly cloudy throughout the day with afternoon rain.,rain,"INI0000VIDP,42182099999,INI0000VIDD,VIDP,42139099999,42181099999"
new delhi,19-07-2025,92.3,79.4,85.7,106.4,79.4,95.1,76.1,74,0,0,0,,0,0,24.8,14.2,113.1,998.8,57.9,2.7,209.1,18,7,,2025-07-19T05:35:29,2025-07-19T19:19:23,0.8,Partially cloudy,Partly cloudy throughout the day.,partly-cloudy-day,"INI0000VIDP,42182099999,INI0000VIDD,VIDP,42139099999,42181099999"
new delhi,20-07-2025,93.6,82.2,87.6,108.8,89.5,98.9,76.6,70.8,0,0,0,,0,0,14.3,5.8,176.6,998.8,59.9,2.9,219.4,19,7,,2025-07-20T05:36:01,2025-07-20T19:18:58,0.84,Partially cloudy,Partly cloudy throughout the day.,partly-cloudy-day,"INI0000VIDP,42182099999,INI0000VIDD,VIDP,42139099999,42181099999"
new delhi,21-07-2025,89.9,80.6,85.2,108,87.2,97.4,78.4,80.7,0,0,0,,0,0,12.8,6.5,120.5,1001.4,83.2,2.5,88.6,7.8,4,,2025-07-21T05:36:34,2025-07-21T19:18:31,0.87,Partially cloudy,Partly cloudy throughout the day.,partly-cloudy-day,"INI0000VIDP,42182099999,INI0000VIDD,42176099999,VIDP,42139099999,42181099999"
new delhi,22-07-2025,89.6,79.4,83.7,108.2,79.4,95.3,79.3,86.7,0.292,100,4.17,rain,0,0,18.3,7.6,242.6,1000.2,82.7,1.9,161.8,14,6,,2025-07-22T05:37:07,2025-07-22T19:18:02,0.91,"Rain, Partially cloudy",Partly cloudy throughout the day with morning rain.,rain,"INI0000VIDP,42182099999,INI0000VIDD,VIDP,42139099999,42181099999,remote"
new delhi,23-07-2025,87.8,80.6,83.6,107.6,87.2,95.4,79.3,87.3,0.55,100,8.33,rain,0,0,13.9,6.9,219.8,997.3,85.8,2.2,71.2,5.9,3,,2025-07-23T05:37:40,2025-07-23T19:17:33,0.95,"Rain, Partially cloudy",Partly cloudy throughout the day with morning rain.,rain,"INI0000VIDP,42182099999,INI0000VIDD,VIDP,42139099999,42181099999"
new delhi,24-07-2025,95.9,78.8,88,116.8,78.8,101.5,78.6,74.6,0,0,0,,0,0,18.3,10,255.1,996,61.4,2.6,244.4,21.1,8,,2025-07-24T05:38:13,2025-07-24T19:17:02,0.98,Partially cloudy,Partly cloudy throughout the day.,partly-cloudy-day,"INI0000VIDP,42182099999,INI0000VIDD,VIDP,42139099999,42181099999"
new delhi,25-07-2025,96.9,84.2,90.4,116.4,98.3,106.7,79.2,70.7,0,0,0,,0,0,19,13.4,263.7,995.5,53.6,2.5,242.8,20.8,8,,2025-07-25T05:38:46,2025-07-25T19:16:29,0,Partially cloudy,Partly cloudy throughout the day.,partly-cloudy-day,"INI0000VIDP,42182099999,INI0000VIDD,VIDP,42139099999,42181099999"
new delhi,26-07-2025,97.6,81.2,88.7,114.4,88.3,102.5,78.3,72.4,0,0,0,,0,0,23,9.1,136.7,996.8,68.5,2.4,186.2,16.1,7,,2025-07-26T05:39:19,2025-07-26T19:15:56,0.05,Partially cloudy,Partly cloudy throughout the day.,partly-cloudy-day,"INI0000VIDP,42182099999,INI0000VIDD,VIDP,42139099999,42181099999"
new delhi,27-07-2025,96.7,84.2,89.6,117.2,98.3,105.2,79,72.2,0,0,0,,0,0,19.9,9.2,79.6,996.9,67.9,2.7,204.5,17.7,7,,2025-07-27T05:39:53,2025-07-27T19:15:21,0.08,Partially cloudy,Partly cloudy throughout the day.,partly-cloudy-day,"INI0000VIDP,42182099999,INI0000VIDD,VIDP,42139099999,42181099999"
new delhi,28-07-2025,95.1,84.2,88.2,114.9,95.6,104.4,79.9,77.1,0.032,100,4.17,rain,0,0,23,9.7,139.9,997.2,78.5,2.1,231.4,19.8,8,,2025-07-28T05:40:26,2025-07-28T19:14:45,0.11,"Rain, Partially cloudy",Partly cloudy throughout the day with afternoon rain.,rain,"INI0000VIDP,42182099999,INI0000VIDD,VIDP,42139099999,42181099999"
new delhi,29-07-2025,85.4,80.5,83,100.9,87.9,94.9,79.9,90.5,2.49,100,8.33,rain,0,0,16.6,8.2,72.4,998,90.2,1.9,122.4,10.5,5,,2025-07-29T05:41:00,2025-07-29T19:14:08,0.14,"Rain, Overcast",Cloudy skies throughout the day with rain.,rain,"INI0000VIDP,42182099999,INI0000VIDD,VIDP,42139099999,42181099999"
new delhi,30-07-2025,87.8,80.6,83.3,108.6,88.2,95.7,80.2,90.6,0.629,100,8.33,rain,0,0,17.2,11.4,79.2,998.6,93.3,1.9,96.5,8.3,4,,2025-07-30T05:41:34,2025-07-30T19:13:29,0.18,"Rain, Overcast",Cloudy skies throughout the day with afternoon rain.,rain,"INI0000VIDP,42182099999,INI0000VIDD,VIDP,42139099999,42181099999"
new delhi,31-07-2025,84,78.8,80.9,101.4,78.8,89.3,79.8,96.3,1.739,100,25,rain,0,0,18.6,8.7,118,999.5,96.5,1.4,71.5,6.1,4,,2025-07-31T05:42:07,2025-07-31T19:12:49,0.21,"Rain, Overcast",Cloudy skies throughout the day with a chance of rain throughout the day.,rain,"INI0000VIDP,42182099999,INI0000VIDD,VIDP,42139099999,42181099999"
new delhi,01-08-2025,90.2,78.8,83.3,104.7,78.8,92.9,78.4,85.5,0.182,100,4.17,rain,0,0,15.4,11.4,234.4,1000.5,81.7,2.5,113.3,9.8,5,,2025-08-01T05:42:41,2025-08-01T19:12:08,0.25,"Rain, Partially cloudy",Partly cloudy throughout the day with afternoon rain.,rain,"INI0000VIDP,42182099999,INI0000VIDD,VIDP,42139099999,42181099999"
new delhi,02-08-2025,91.6,80.6,84.8,108.6,88.2,96.3,78.5,82,0.009,100,8.33,rain,0,0,19.7,11.6,244.1,1000.9,79.2,2.5,155,13.3,7,,2025-08-02T05:43:15,2025-08-02T19:11:26,0.27,"Rain, Partially cloudy",Partly cloudy throughout the day with rain.,rain,"INI0000VIDP,42182099999,INI0000VIDD,VIDP,42139099999,42181099999"
new delhi,03-08-2025,92,78.8,85,110.9,78.8,96.1,79,83.2,0.672,100,8.33,rain,0,0,21,11.3,242.3,1002,90.3,2.2,144.9,12.4,6,,2025-08-03T05:43:49,2025-08-03T19:10:42,0.3,"Rain, Overcast",Cloudy skies throughout the day with early morning rain.,rain,"INI0000VIDP,42182099999,INI0000VIDD,VIDP,42139099999,42181099999"
new delhi,04-08-2025,91.3,82.4,85.9,106.6,89.5,97.9,77.7,77,0,0,0,,0,0,15.9,10.6,241.3,1003.1,92.1,2.6,103,9.1,6,,2025-08-04T05:44:22,2025-08-04T19:09:58,0.34,Overcast,Cloudy skies throughout the day.,cloudy,"INI0000VIDP,42182099999,INI0000VIDD,VIDP,42139099999,42181099999"
new delhi,05-08-2025,90.6,82.4,85.1,111.5,89.5,95.8,77.2,77.5,0.008,100,4.17,rain,0,0,17.2,10,233.9,1003.2,91.9,2.6,125.3,10.6,5,,2025-08-05T05:44:56,2025-08-05T19:09:12,0.37,"Rain, Overcast",Cloudy skies throughout the day with late afternoon rain.,rain,"INI0000VIDP,42182099999,INI0000VIDD,VIDP,42139099999,42181099999,VIDD"
new delhi,06-08-2025,94.4,80.6,86.6,111.2,86.2,97.8,77,74,0,0,0,,0,0,16.8,9,239.5,1003.9,76.4,2.7,212.6,18.3,7,,2025-08-06T05:45:29,2025-08-06T19:08:25,0.4,Partially cloudy,Partly cloudy throughout the day.,partly-cloudy-day,"INI0000VIDP,42182099999,INI0000VIDD,VIDP,42139099999,42181099999"
new delhi,07-08-2025,95,80.6,88,110,86.5,99.2,76.5,69.6,0,0,0,,0,0,20.8,13.9,250,1002.7,33.5,2.9,238.2,20.7,8,,2025-08-07T05:46:03,2025-08-07T19:07:37,0.43,Partially cloudy,Partly cloudy throughout the day.,partly-cloudy-day,"INI0000VIDP,42182099999,INI0000VIDD,VIDP,42139099999,42181099999"
new delhi,08-08-2025,95.9,82.4,88.7,109.3,88.3,98.9,75.1,65.1,0,0,0,,0,0,19.5,13.1,252.2,1003.5,57.3,2.7,207.1,18,8,,2025-08-08T05:46:36,2025-08-08T19:06:48,0.47,Partially cloudy,Partly cloudy throughout the day.,partly-cloudy-day,"INI0000VIDP,42182099999,INI0000VIDD,VIDP,42139099999,42181099999,VIDD"
new delhi,09-08-2025,82.4,77.3,79.6,92.5,77.3,82.8,77.9,95,4.018,100,16.67,rain,0,0,23,9.8,277.2,1005.9,96.6,1.8,42,3.8,2,,2025-08-09T05:47:09,2025-08-09T19:05:58,0.5,"Rain, Overcast",Cloudy skies throughout the day with rain.,rain,"INI0000VIDP,42182099999,INI0000VIDD,VIDP,42139099999,42181099999"
new delhi,10-08-2025,91.4,78.8,85.1,108.3,78.8,95.6,78.1,80.3,0,0,0,,0,0,17.7,12.8,257.1,1004.4,80.6,2.6,146.8,12.7,5,,2025-08-10T05:47:42,2025-08-10T19:05:07,0.53,Partially cloudy,Partly cloudy throughout the day.,partly-cloudy-day,"INI0000VIDP,42182099999,INI0000VIDD,42176099999,VIDP,42139099999,42181099999,VIDD"
new delhi,11-08-2025,91.6,82.4,87.1,109.6,89.5,99.2,77.3,73.2,0,0,0,,0,0,19.5,13.1,241.6,1003.2,84.4,2.7,135.7,11.8,5,,2025-08-11T05:48:15,2025-08-11T19:04:15,0.57,Partially cloudy,Partly cloudy throughout the day.,partly-cloudy-day,"INI0000VIDP,42182099999,INI0000VIDD,VIDP,42139099999,42181099999"
new delhi,12-08-2025,91.4,77.8,84.7,107.4,77.8,94.5,78,81.3,1.361,100,12.5,rain,0,0,19.2,8.5,265.2,1002.7,79.7,2.4,217.7,18.6,8,,2025-08-12T05:48:48,2025-08-12T19:03:21,0.61,"Rain, Partially cloudy",Partly cloudy throughout the day with a chance of rain throughout the day.,rain,"INI0000VIDP,42182099999,INI0000VIDD,42176099999,VIDP,42139099999,42181099999,VIDD"
new delhi,13-08-2025,94.2,83.5,87.9,110.6,94.2,101.1,77.9,73,0,0,0,,0,0,18.3,9.2,251.6,1001.6,85.1,2.7,202.7,17.3,7,,2025-08-13T05:49:21,2025-08-13T19:02:27,0.64,Partially cloudy,Partly cloudy throughout the day.,partly-cloudy-day,"INI0000VIDP,42182099999,INI0000VIDD,VIDP,42139099999,42181099999,VIDD"
new delhi,14-08-2025,87.8,77,81,101.7,77,87.5,78.5,92.5,3.628,100,20.83,rain,0,0,11.9,9.4,95.3,1004.6,86.2,1.7,92.8,8.2,3,,2025-08-14T05:49:53,2025-08-14T19:01:32,0.68,"Rain, Partially cloudy",Partly cloudy throughout the day with a chance of rain throughout the day.,rain,"INI0000VIDP,42182099999,INI0000VIDD,VIDP,42139099999,42181099999"
new delhi,15-08-2025,86,78.8,82.5,100.8,78.8,92.1,79,89.3,0.018,100,4.17,rain,0,0,14.1,6.1,83.7,1003.3,83.3,1.5,163.2,14,6,,2025-08-15T05:50:26,2025-08-15T19:00:36,0.71,"Rain, Partially cloudy",Partly cloudy throughout the day with afternoon rain.,rain,"INI0000VIDP,42182099999,INI0000VIDD,VIDP,42139099999,42181099999"
new delhi,16-08-2025,92.2,80.6,85.3,113.9,88.2,98.7,79.7,84.1,0.007,100,4.17,rain,0,0,12.5,8.4,92.6,1001.7,87.2,1.7,197.8,17,7,,2025-08-16T05:50:58,2025-08-16T18:59:40,0.75,"Rain, Partially cloudy",Partly cloudy throughout the day with afternoon rain.,rain,"INI0000VIDP,42182099999,INI0000VIDD,VIDP,42139099999,42181099999"
new delhi,17-08-2025,92.4,80.6,84.8,114.5,87.2,97.5,79.1,83.5,0.007,100,4.17,rain,0,0,19.5,8.5,75.8,1002.8,71.7,2.2,189.7,16.3,7,,2025-08-17T05:51:30,2025-08-17T18:58:42,0.79,"Rain, Partially cloudy",Partly cloudy throughout the day with afternoon rain.,rain,"INI0000VIDP,42182099999,INI0000VIDD,VIDP,42139099999,42181099999"
new delhi,18-08-2025,93.2,78.8,86.2,115.4,78.8,99.1,78.8,79.5,0.001,100,4.17,rain,0,0,20.8,11.4,67.6,1004.4,67.7,2.1,195.2,16.9,7,,2025-08-18T05:52:02,2025-08-18T18:57:43,0.82,"Rain, Partially cloudy",Partly cloudy throughout the day with early morning rain.,rain,"INI0000VIDP,42182099999,INI0000VIDD,VIDP,42139099999,42181099999"
new delhi,19-08-2025,94,82.4,85.9,111.6,90.9,98.7,78.7,79.8,0.015,100,4.17,rain,0,0,20.8,9.5,77.7,1003,61.9,2.6,235.3,20.4,7,,2025-08-19T05:52:34,2025-08-19T18:56:44,0.86,"Rain, Partially cloudy",Partly cloudy throughout the day with afternoon rain.,rain,"INI0000VIDP,42182099999,INI0000VIDD,VIDP,42139099999,42181099999"
new delhi,20-08-2025,94.9,82.2,87.4,118.5,90.9,100.4,78.1,75.1,0.015,100,4.17,rain,0,0,26.4,13.5,78.3,1002.3,55.7,2.7,228.5,19.7,8,,2025-08-20T05:53:06,2025-08-20T18:55:44,0.89,"Rain, Partially cloudy",Partly cloudy throughout the day with late afternoon rain.,rain,"INI0000VIDP,42182099999,INI0000VIDD,VIDP,42139099999,42181099999"
new delhi,21-08-2025,93.2,82.4,87.3,112,90.9,101.2,78.8,76.7,0.004,100,4.17,rain,0,0,20.4,10.3,80.8,1002.2,57.4,2.8,215.5,18.6,7,,2025-08-21T05:53:37,2025-08-21T18:54:43,0.93,"Rain, Partially cloudy",Partly cloudy throughout the day with afternoon rain.,rain,"INI0000VIDP,42182099999,INI0000VIDD,VIDP,42139099999,42181099999"
new delhi,22-08-2025,92.5,82.4,85.6,110.3,92.5,99.2,79.4,82.3,0.121,100,4.17,rain,0,0,20.8,6.8,140.8,1000,64.9,1.9,145.5,12.5,6,,2025-08-22T05:54:09,2025-08-22T18:53:41,0.96,"Rain, Partially cloudy",Partly cloudy throughout the day with afternoon rain.,rain,"INI0000VIDP,42182099999,INI0000VIDD,VIDP,42139099999,42181099999"
new delhi,23-08-2025,92.3,78.6,83.8,113.5,78.6,93.1,78.7,85.6,1.385,100,12.5,rain,0,0,20.8,8.8,76.2,1000.2,80.5,2,152,13,5,,2025-08-23T05:54:40,2025-08-23T18:52:39,0,"Rain, Partially cloudy",Partly cloudy throughout the day with rain.,rain,"INI0000VIDP,42182099999,INI0000VIDD,VIDP,42139099999,42181099999,INM00042139"
new delhi,24-08-2025,91.4,78.6,82.8,107.9,78.6,90.6,78.1,86.7,0.221,100,12.5,rain,0,0,28.9,11.4,90.1,1000.9,84.5,2.3,163.3,14,8,,2025-08-24T05:55:11,2025-08-24T18:51:36,0.03,"Rain, Partially cloudy",Partly cloudy throughout the day with rain in the morning and afternoon.,rain,"INI0000VIDP,42182099999,INI0000VIDD,VIDP,42139099999,42181099999"
new delhi,25-08-2025,84.2,78.8,81.3,94.5,78.8,88.3,78,89.9,0.531,100,83.33,rain,0,0,21.9,13.2,85.4,1000.3,85.9,1.9,64.5,5.7,3,,2025-08-25T05:55:42,2025-08-25T18:50:32,0.07,"Rain, Partially cloudy",Partly cloudy throughout the day with a chance of rain throughout the day.,rain,"INI0000VIDP,42182099999,INI0000VIDD,VIDP,42181099999,INM00042139"
new delhi,26-08-2025,87.9,78.7,81.1,106.7,78.7,87.9,78.7,92.7,0.371,100,79.17,rain,0,0,21.7,12.8,100,1002.7,81,1.8,141.3,12.2,6,,2025-08-26T05:56:12,2025-08-26T18:49:27,0.1,"Rain, Partially cloudy",Partly cloudy throughout the day with a chance of rain throughout the day.,rain,"INI0000VIDP,INI0000VIDD,VIDP,INM00042139"
new delhi,27-08-2025,85.4,78.8,81.5,101,78.8,89.8,79,92.2,0.115,100,58.33,rain,0,0,14.3,7,110.5,1003.2,81.2,1.8,185.2,15.9,7,,2025-08-27T05:56:43,2025-08-27T18:48:22,0.13,"Rain, Partially cloudy",Partly cloudy throughout the day with rain.,rain,"INI0000VIDP,INI0000VIDD,VIDP,INM00042139"
new delhi,28-08-2025,93.4,80.6,86,116.7,87.1,100,79.8,82.9,0.174,100,45.83,rain,0,0,13.4,7.6,102.9,1002.4,71.5,1.8,179.6,15.4,6,,2025-08-28T05:57:13,2025-08-28T18:47:17,0.16,"Rain, Partially cloudy",Partly cloudy throughout the day with a chance of rain throughout the day.,rain,"INI0000VIDP,INI0000VIDD,VIDP,INM00042139"
new delhi,29-08-2025,86,80.1,82.8,104.7,86.5,94.5,80.1,91.7,0.278,100,58.33,rain,0,0,23,10.7,86.8,1003.6,87.8,1.5,141,12.1,6,,2025-08-29T05:57:44,2025-08-29T18:46:10,0.19,"Rain, Partially cloudy",Partly cloudy throughout the day with a chance of rain throughout the day.,rain,"INI0000VIDP,INI0000VIDD,VIDP,INM00042139"
new delhi,30-08-2025,93.1,78.7,84.9,110.1,78.7,95.1,78.3,81.6,0.076,100,58.33,rain,0,0,17.9,11.4,90.1,1005.5,62.9,2.2,151.4,13,6,,2025-08-30T05:58:14,2025-08-30T18:45:04,0.23,"Rain, Partially cloudy",Partly cloudy throughout the day with a chance of rain throughout the day.,rain,"INI0000VIDP,VIDP"
new delhi,31-08-2025,85.9,78.7,81.9,99.1,78.7,89.7,77.1,85.4,0.971,100,83.33,rain,0,0,15.9,11.4,102.9,1003.8,83.8,2.4,69.8,5.9,3,,2025-08-31T05:58:44,2025-08-31T18:43:56,0.25,"Rain, Partially cloudy",Partly cloudy throughout the day with a chance of rain throughout the day.,rain,VIDP
new delhi,01-09-2025,87.7,75.1,78.4,104.9,75.1,80.7,75.9,92.3,1.569,100,100,rain,0,0,23,12.8,86.5,1000,95.5,1.8,84.2,7.5,5,,2025-09-01T05:59:14,2025-09-01T18:42:49,0.29,"Rain, Overcast",Cloudy skies throughout the day with a chance of rain throughout the day.,rain,VIDP
new delhi,02-09-2025,84.1,76.9,79.1,93.9,76.9,81.9,77,93.3,1.439,100,100,rain,0,0,21.3,13.9,102.5,1001.3,94.1,2.2,74.8,6.4,3,,2025-09-02T05:59:44,2025-09-02T18:41:40,0.32,"Rain, Overcast",Cloudy skies throughout the day with a chance of rain throughout the day.,rain,"INI0000VIDD,VIDP"
new delhi,03-09-2025,89.5,75.1,79.6,107.4,75.1,82.5,76.7,91.5,0.794,100,95.83,rain,0,0,17.7,12.6,88.2,1004.3,91.8,1.9,132.1,11.4,5,,2025-09-03T06:00:14,2025-09-03T18:40:32,0.36,"Rain, Overcast",Cloudy skies throughout the day with a chance of rain throughout the day.,rain,"INI0000VIDP,INI0000VIDD,VIDP,INM00042139"
new delhi,04-09-2025,92.4,77,82.5,107.2,77,89.5,77.5,86.1,0.292,100,37.5,rain,0,0,21,8.7,52.5,1004.5,82.4,1.9,210.2,18.2,8,,2025-09-04T06:00:43,2025-09-04T18:39:23,0.39,"Rain, Partially cloudy",Partly cloudy throughout the day with a chance of rain throughout the day.,rain,"INI0000VIDP,INI0000VIDD,VIDP,INM00042139"
new delhi,05-09-2025,90.1,78.8,83.4,107,78.8,91.7,77.5,83.3,0.351,100,33.33,rain,0,0,28,10.9,60.3,1004.7,74,2.3,151.1,13.1,7,,2025-09-05T06:01:13,2025-09-05T18:38:13,0.42,"Rain, Partially cloudy",Partly cloudy throughout the day with rain.,rain,"INI0000VIDP,INI0000VIDD,VIDP,INM00042139"
new delhi,06-09-2025,93.2,79.6,85.6,110.2,79.6,96.5,77.8,78.3,0.399,100,62.5,rain,0,0,25.5,11.4,91.4,1004.9,69.4,2.3,144.4,12.4,6,,2025-09-06T06:01:42,2025-09-06T18:37:03,0.45,"Rain, Partially cloudy",Partly cloudy throughout the day with rain.,rain,"INI0000VIDP,INI0000VIDD,VIDP,INM00042139"
new delhi,07-09-2025,91.4,80.6,84,107.1,87.1,94.2,77.8,82.1,0.347,100,33.33,rain,0,0,21.5,10.3,97.6,1004.7,70.7,2.2,181.9,15.4,6,,2025-09-07T06:02:12,2025-09-07T18:35:53,0.5,"Rain, Partially cloudy",Partly cloudy throughout the day with rain in the morning and afternoon.,rain,"INI0000VIDP,INI0000VIDD,VIDP,INM00042139"
new delhi,08-09-2025,94.4,78.8,86.1,105.5,78.8,93.9,76,73.9,0.17,100,37.5,rain,0,0,13.9,7.1,150.8,1005.7,56.9,2.5,211.2,18.1,8,,2025-09-08T06:02:41,2025-09-08T18:34:42,0.52,"Rain, Partially cloudy",Partly cloudy throughout the day with rain.,rain,"INI0000VIDP,INI0000VIDD,VIDP,INM00042139"
new delhi,09-09-2025,95.1,80.5,86.5,111.6,87.9,98.1,77.7,75.9,0.024,100,16.67,rain,0,0,15.9,9.8,263.1,1006.8,34.6,2.7,220.7,19.1,8,,2025-09-09T06:03:10,2025-09-09T18:33:32,0.55,"Rain, Partially cloudy",Partly cloudy throughout the day with rain in the morning and afternoon.,rain,"INI0000VIDP,INI0000VIDD,VIDP,INM00042139,remote"
new delhi,10-09-2025,92.4,80.6,86,105.1,87.1,96.4,77,75.5,0,0,0,,0,0,23.7,13.2,263.2,1006.3,31.2,2.8,239.2,20.8,8,,2025-09-10T06:03:40,2025-09-10T18:32:21,0.59,Partially cloudy,Partly cloudy throughout the day.,partly-cloudy-day,"INI0000VIDP,INI0000VIDD,VIDP,INM00042139"
new delhi,11-09-2025,92.9,78.8,85.2,102.8,78.8,92.4,74.3,70.8,0,0,0,,0,0,23,12.5,260.8,1005.6,35.4,2.9,227.5,19.7,8,,2025-09-11T06:04:09,2025-09-11T18:31:09,0.62,Partially cloudy,Partly cloudy throughout the day.,partly-cloudy-day,"INI0000VIDP,INI0000VIDD,VIDP,INM00042139"
new delhi,12-09-2025,93,78,85.3,103.5,78,91.3,73.7,69.6,0.004,100,4.17,rain,0,0,20.6,11.4,254.4,1007.2,37.4,2.9,214.8,18.5,8,,2025-09-12T06:04:38,2025-09-12T18:29:58,0.66,"Rain, Partially cloudy",Partly cloudy throughout the day with afternoon rain.,rain,"INI0000VIDP,INI0000VIDD,VIDP,INM00042139"
new delhi,13-09-2025,95.2,78.8,87.1,104.7,78.8,95.1,74.4,67.3,0.004,100,4.17,rain,0,0,15,8.8,265.3,1007.6,42.9,2.9,195.4,16.8,7,,2025-09-13T06:05:07,2025-09-13T18:28:46,0.7,"Rain, Partially cloudy",Partly cloudy throughout the day with afternoon rain.,rain,"INI0000VIDP,INI0000VIDD,VIDP,INM00042139"
new delhi,14-09-2025,93.2,82.4,87.4,104.7,90.7,97.1,75.4,68.4,0,0,0,,0,0,17,10.3,271.8,1006.8,45,2.7,222.3,19,8,,2025-09-14T06:05:37,2025-09-14T18:27:34,0.75,Partially cloudy,Partly cloudy throughout the day.,partly-cloudy-day,"INI0000VIDP,INI0000VIDD,VIDP,INM00042139"
new delhi,15-09-2025,96.6,80.6,87.9,106.8,85.5,95.8,73.7,64.4,0,0,0,,0,0,19,10.5,265.6,1004.9,32,2.9,231.7,20.1,8,,2025-09-15T06:06:06,2025-09-15T18:26:22,0.77,Partially cloudy,Partly cloudy throughout the day.,partly-cloudy-day,"INI0000VIDP,INI0000VIDD,VIDP,INM00042139"
new delhi,16-09-2025,96.3,80.1,87.8,106.7,86.4,96.8,74.9,67.6,0,0,0,,0,0,13,6.9,278.7,1004.9,53.5,2.9,229.4,19.7,8,,2025-09-16T06:06:35,2025-09-16T18:25:10,0.8,Partially cloudy,Partly cloudy throughout the day.,partly-cloudy-day,"INI0000VIDP,INI0000VIDD,VIDP,remote,INM00042139"
new delhi,17-09-2025,94.4,80.9,85.7,106.8,89.2,95.7,76.8,76.1,0.036,100,16.67,rain,0,0,14.5,7.6,158.7,1005.6,55.1,2.3,217.7,18.9,7,,2025-09-17T06:07:04,2025-09-17T18:23:58,0.84,"Rain, Partially cloudy",Partly cloudy throughout the day with rain.,rain,"INI0000VIDP,INI0000VIDD,VIDP,INM00042139,remote"
new delhi,18-09-2025,90.8,79.6,84.2,107.8,79.6,93.9,77.3,80.7,0.008,100,8.33,rain,0,0,23,8.4,110.4,1006,56.4,2.1,205.7,17.7,7,,2025-09-18T06:07:34,2025-09-18T18:22:46,0.87,"Rain, Partially cloudy",Partly cloudy throughout the day with afternoon rain.,rain,"INI0000VIDP,INI0000VIDD,VIDP,INM00042139"
new delhi,19-09-2025,95,80.6,87.5,108.9,87.1,98,76.5,71.6,0,0,0,,0,0,17.7,10.3,281.7,1006.4,42.7,2.3,211.1,18.2,7,,2025-09-19T06:08:03,2025-09-19T18:21:34,0.91,Partially cloudy,Partly cloudy throughout the day.,partly-cloudy-day,"INI0000VIDP,INI0000VIDD,VIDP,INM00042139"
new delhi,20-09-2025,95.1,80.6,87.3,107.4,87.1,96.9,75.6,69.7,0,0,0,,0,0,22.4,12,276.2,1006,24,2.5,227.6,19.7,8,,2025-09-20T06:08:33,2025-09-20T18:20:22,0.94,Partially cloudy,Becoming cloudy in the afternoon.,partly-cloudy-day,"INI0000VIDP,INI0000VIDD,VIDP,INM00042139"
new delhi,21-09-2025,94.5,78.8,86.5,104.2,78.8,92.7,73.4,66.7,0,0,0,,0,0,20.8,10.1,271.8,1005.2,11.9,2.8,238.8,20.5,8,,2025-09-21T06:09:02,2025-09-21T18:19:09,0.98,Clear,Clear conditions throughout the day.,clear-day,"INI0000VIDP,INI0000VIDD,VIDP,INM00042139"
new delhi,22-09-2025,94.9,79,87,104,79,93.1,73,64.9,0,0,0,,0,0,22.1,11,265.7,1005.6,5.1,2.8,227.2,19.6,8,,2025-09-22T06:09:32,2025-09-22T18:17:57,0,Clear,Clear conditions throughout the day.,clear-day,"INI0000VIDP,INI0000VIDD,VIDP,INM00042139"
new delhi,23-09-2025,95.5,77,86.5,98.7,77,89.7,69.2,58.8,0,0,0,,0,0,21.4,11,267.6,1005.3,0,2.9,244.9,21.3,8,,2025-09-23T06:10:02,2025-09-23T18:16:45,0.05,Clear,Clear conditions throughout the day.,clear-day,"INI0000VIDP,INI0000VIDD,VIDP,INM00042139"
new delhi,24-09-2025,94.5,77,85.5,99.4,77,89.4,70.3,62.2,0,0,0,,0,0,21.3,13.2,261.8,1003.9,0,3,247.9,21.4,8,,2025-09-24T06:10:32,2025-09-24T18:15:33,0.08,Clear,Clear conditions throughout the day.,clear-day,"INI0000VIDP,INI0000VIDD,VIDP,INM00042139"
new delhi,25-09-2025,95,77,85.8,100.4,77,89.6,71.1,63.5,0,0,0,,0,0,19.8,10.3,270.9,1004.9,0,3.3,245.1,21.2,8,,2025-09-25T06:11:02,2025-09-25T18:14:21,0.11,Clear,Clear conditions throughout the day.,clear-day,"INI0000VIDP,INI0000VIDD,VIDP,INM00042139"
new delhi,26-09-2025,94.9,76.9,86.6,101.2,76.9,91.5,72,64.2,0,0,0,,0,0,19.7,11.4,291.5,1006.7,0,3.2,246.4,21.3,8,,2025-09-26T06:11:32,2025-09-26T18:13:10,0.14,Clear,Clear conditions throughout the day.,clear-day,"INI0000VIDP,VIDP"
new delhi,27-09-2025,96.7,82.3,89.6,104.9,89.3,98.9,74.1,61.7,0,0,0,,0,0,10.7,6.9,18.8,1008.6,17.7,2.7,235.4,20.3,8,,2025-09-27T06:12:03,2025-09-27T18:11:58,0.18,Clear,Clear conditions throughout the day.,clear-day,VIDP
new delhi,28-09-2025,96.7,82.3,88.8,109.5,90.6,99.5,75.8,66.7,0,0,0,,0,0,23,12.8,94.4,1007.6,31.5,2.7,206.5,17.9,7,,2025-09-28T06:12:34,2025-09-28T18:10:47,0.21,Partially cloudy,Partly cloudy throughout the day.,partly-cloudy-day,VIDP
new delhi,29-09-2025,96.7,80.5,88.1,109.7,85.9,98,75.3,66.7,0.012,100,8.33,rain,0,0,17.7,8.1,111.1,1006,20.7,2.8,206.9,17.9,7,,2025-09-29T06:13:04,2025-09-29T18:09:36,0.24,"Rain, Partially cloudy",Partly cloudy throughout the day with rain.,rain,VIDP
new delhi,30-09-2025,91.3,73.3,82,102.4,73.3,87.8,75.8,82.3,0.24,100,29.17,rain,0,0,23,11.4,127.4,1004.8,78.9,2.3,186.3,16,7,,2025-09-30T06:13:36,2025-09-30T18:08:26,0.25,"Rain, Partially cloudy",Partly cloudy throughout the day with a chance of rain throughout the day.,rain,VIDP
